agent,model,runtime,task,run_id,category,reasoning
mini_swe_sdk,qwen3-coder-next,node,express-openapi-clean_architecture,run_0,incomplete_implementation,"The server starts successfully, but the comment-related endpoints for articles return 404s, indicating the required routes/controllers for creating and listing comments were never implemented or never registered in the Express router."
mini_swe_sdk,qwen3-coder-next,node,express-openapi-clean_architecture,run_1,stuck_in_loop,"The agent repeatedly rewrote the same ArticleRepository.js with the same content and debugging intent without progressing to fix the failing API behaviors. Tests show widespread 422/200 assertion failures while the server is running, indicating the agent got trapped in repetitive edits rather than addressing request validation/response logic."
mini_swe_sdk,qwen3-coder-next,node,express-openapi-clean_architecture,run_2,incomplete_implementation,"The server starts, but multiple required endpoints are missing or not wired (tests show many 404s for favorites and comments), and profile-related routes return 422 instead of expected behavior. The agent also prematurely stopped while debugging an unrelated toResponse error, leaving core API surface unfinished."
mini_swe_sdk,qwen3-coder-next,node,express-openapi-clean_architecture-postgres,run_0,incomplete_implementation,"The server starts and other endpoints work, but the tests for Current User GET and Update User PUT return 404, indicating the required /api/user routes are missing or not wired up in the Express router (API surface not fully implemented)."
mini_swe_sdk,qwen3-coder-next,node,express-openapi-clean_architecture-postgres,run_1,logic_error,"The server starts successfully and core article CRUD works, but multiple GET article listing tests (all articles, by author, by tag, favorited, with/without auth) fail, indicating incorrect query/filtering/pagination or favorited/following computation rather than missing endpoints or response schema issues."
mini_swe_sdk,qwen3-coder-next,node,express-openapi-clean_architecture-postgres,run_2,incomplete_implementation,"The server starts successfully, but key user endpoints (e.g., current user GET and update user PUT) return 404, indicating missing routes/handlers. Many article list/favorite-related requests return 422, suggesting required query/validation behavior for those endpoints is not fully implemented to match the spec, so the API surface/behavior is incomplete despite some endpoints working."
mini_swe_sdk,qwen3-coder-next,node,express-openapi-clean_architecture-postgres-sequelize,run_1,incomplete_implementation,"The server starts and other endpoints work, but the required user endpoints (Current User GET and Update User PUT) return 404, indicating the API surface is missing or routes are not wired correctly for those operations."
mini_swe_sdk,qwen3-coder-next,node,express-openapi-clean_architecture-postgres-sequelize,run_2,incomplete_implementation,"The server starts, but multiple required endpoints return 404 (users, single article by slug, update/favorite/comment routes), indicating large parts of the API surface were never implemented or wired. Additionally, some implemented routes error (e.g., create article 500 due to missing slug generation), reinforcing that core features are unfinished rather than a startup or pure schema-format issue."
mini_swe_sdk,qwen3-coder-next,node,express-openapi-clean_architecture-sqlite,run_1,logic_error,"The server starts and the API surface exists, but core behaviors are incorrect: article update appears to change or lose the slug and subsequent operations (favorite/delete/comment) return ""Article not found"", and user update responses omit required fields (e.g., email/username), causing multiple endpoint tests to fail despite endpoints being present."
mini_swe_sdk,qwen3-coder-next,node,express-openapi-clean_architecture-sqlite,run_2,server_startup_failure,"Although the process prints ""Server running"" and passes a health check, it crashes immediately on first DB operation with a TypeError in UserRepository (this.db is undefined, so .get fails). This prevents the API from serving core endpoints, leading to widespread test failures."
mini_swe_sdk,qwen3-coder-next,node,express-openapi-clean_architecture-sqlite-sequelize,run_0,incomplete_implementation,"The server starts successfully, but core user endpoints (Current User GET, Update User PUT) return 404, indicating missing/unwired routes/controllers. Additional article list/favorited-by filters return 422, suggesting required query/route handling and validation for those endpoints is not implemented or incomplete."
mini_swe_sdk,qwen3-coder-next,node,express-openapi-clean_architecture-sqlite-sequelize,run_1,logic_error,"The server starts and endpoints exist, but multiple feature-specific tests fail with status/behavior mismatches (e.g., favoriting and following returning 422, tag filtering and favorited-by queries not matching expected results). This indicates incorrect request validation/authorization or business logic in those endpoints rather than missing routes or startup issues."
mini_swe_sdk,qwen3-coder-next,node,express-openapi-clean_architecture-sqlite-sequelize,run_2,logic_error,"The server starts and endpoints respond, but key behaviors are wrong: multiple tests return 422 and favoriting an existing article returns ""Article not found"" despite the slug being listed, indicating broken lookup/associations/auth handling rather than missing routes or startup issues."
mini_swe_sdk,qwen3-coder-next,node,express-openapi-postgres,run_0,stuck_in_loop,"The agent repeatedly cycles through the same actions (kill server, drop/recreate DB or drop tables, restart server) without changing the underlying schema/migration logic, and keeps hitting the same DB error (missing users.token column) while also encountering EADDRINUSE. No progress is made toward fixing the root cause, indicating an unproductive retry loop."
mini_swe_sdk,qwen3-coder-next,node,express-openapi-postgres,run_1,logic_error,"The server is running and endpoints respond, but article-related GETs consistently return 422 due to a PostgreSQL query parameter binding bug (""bind message supplies 3 parameters, but prepared statement requires 1""), indicating incorrect SQL/prepared-statement usage rather than missing routes or schema formatting."
mini_swe_sdk,qwen3-coder-next,node,express-openapi-postgres,run_2,schema_format_error,"The server starts and the relevant article endpoints exist, but responses show type/shape mismatches (e.g., `favoritesCount` returned as a string in list responses and inconsistent/missing author fields like `author` only containing `following` in an update response). These schema deviations would cause the article-related tests (create/list/favorite/unfavorite) to fail despite the routes being implemented."
mini_swe_sdk,qwen3-coder-next,node,express-openapi-postgres-sequelize,run_0,logic_error,"The server starts and endpoints respond, but functional behavior is incorrect: calling GET /api/articles/feed returns a 500-style error payload (""Follow is not defined""), indicating a runtime logic/implementation bug (missing/undefined Follow model/variable) rather than missing routes or startup issues."
mini_swe_sdk,qwen3-coder-next,node,express-openapi-postgres-sequelize,run_1,server_startup_failure,"No Newman results were produced and the note indicates the server likely never started or failed health-check. Additionally, verifier shows no patch file for DB/ORM setup, suggesting the backend wasn’t implemented/bootstrapped to a runnable state."
mini_swe_sdk,qwen3-coder-next,node,express-openapi-sqlite,run_0,logic_error,"The server starts successfully, but key endpoints behave incorrectly: /api/articles/feed returns 404 in tests and even when hit manually it returns an error payload (""Article not found"") instead of an empty feed list, indicating broken feed query/logic. Additionally, the 'Articles by Author' requests return 422, suggesting incorrect validation/parameter handling for author filtering rather than missing routes or startup issues."
mini_swe_sdk,qwen3-coder-next,node,express-openapi-sqlite,run_1,logic_error,"The server starts and endpoints respond, but core article listing behavior is incorrect: `/api/articles/feed` returns a 422 with ""Article not found"" instead of a 200 with an empty `articles` array when the user follows nobody, and multiple article list variants return 200 but fail assertions, indicating incorrect query/serialization logic (e.g., missing `id` in mapped articles causing downstream tag lookup issues, wrong fields like `following: true` hardcoded)."
mini_swe_sdk,qwen3-coder-next,node,express-openapi-sqlite,run_2,logic_error,"The server starts and most endpoints work, but specific requests fail due to incorrect SQL query logic: the code references `u.username` without joining the users table (SQLite error: no such column: u.username), causing 422s for “Articles by Author” and related failures."
mini_swe_sdk,qwen3-coder-next,node,express-openapi-sqlite-sequelize,run_0,logic_error,"The server starts and routes exist, but core article behavior is broken: creating an article throws a Sequelize notNull violation because `Article.slug` is not being set (hook/creation logic not working as intended), leading to 500s and cascading 404s for slug-based operations (get/update/favorite/comments). This indicates incorrect application logic/model handling rather than startup, missing framework/DB constraints, or pure response-shape issues."
mini_swe_sdk,qwen3-coder-next,node,express-openapi-sqlite-sequelize,run_1,server_startup_failure,"The server crashes on startup with a Sequelize model definition error: `TypeError: Cannot read properties of undefined (reading 'STRING')` in `src/models/User.js`, indicating `sequelize.DataTypes` is undefined (incorrect DataTypes import/usage). Because the process exits immediately, all API tests fail due to the backend never successfully starting."
mini_swe_sdk,qwen3-coder-next,node,express-openapi-sqlite-sequelize,run_2,logic_error,"The server starts and core endpoints exist, but requests crash/hang due to incorrect Sequelize model associations: the log shows a SequelizeEagerLoadingError ('Tag is not associated to ArticleTag!') during feed/article queries, causing unhandled promise rejection and process termination, which then makes many API tests fail."
mini_swe_sdk,qwen3-coder-next,node,fastify-openapi-clean_architecture,run_0,logic_error,"The server starts and most endpoints exist, but key article listing/feed behaviors fail tests (422/200 mismatches and many assertion failures), indicating incorrect request handling/validation and query logic (e.g., Fastify rejecting empty JSON bodies and likely wrong filtering/pagination/feed semantics). The 500 on favorite also points to a runtime logic bug in that handler despite the route existing."
mini_swe_sdk,qwen3-coder-next,node,fastify-openapi-clean_architecture,run_1,logic_error,"The server starts and endpoints exist, but core behavior is wrong: auth/token handling relies on an in-memory token lookup that becomes invalid across requests/processes, causing 401s and downstream failures (favorites/update). Additionally, logs show Fastify rejecting empty JSON bodies (FST_ERR_CTP_EMPTY_JSON_BODY) leading to 400/500 during favorite flows, indicating incorrect request handling logic rather than missing routes or schema formatting."
mini_swe_sdk,qwen3-coder-next,node,fastify-openapi-clean_architecture,run_2,logic_error,"The server starts and many routes exist, but the test suite shows widespread 401s on endpoints that should accept valid auth, plus 404s for fetching an article/comments by slug and a 500 on favoriting—indicating broken authentication/authorization and state/lookup logic rather than missing server startup or purely schema formatting issues."
mini_swe_sdk,qwen3-coder-next,node,fastify-openapi-clean_architecture-postgres,run_0,logic_error,"The server starts and most routes exist, but many requests return 422/400 due to runtime behavior issues (e.g., create article fails with ""Cannot read properties of undefined (reading 'id')"", leading to null slugs/ids and cascading 422s on follow/comment/favorite). This indicates broken request/auth handling and service logic rather than missing endpoints or startup problems."
mini_swe_sdk,qwen3-coder-next,node,fastify-openapi-clean_architecture-postgres,run_1,logic_error,"The server starts successfully, but the failing tests are for the Favorite Article POST returning 400, indicating the endpoint exists yet rejects valid requests due to incorrect business logic (e.g., auth parsing, request validation, or favorite/unfavorite handling) rather than missing routes or response schema issues."
mini_swe_sdk,qwen3-coder-next,node,fastify-openapi-clean_architecture-postgres,run_2,logic_error,"The server starts and endpoints exist, but the global preHandler auth hook is incorrectly enforcing authentication on routes that should be public (e.g., GET /api/articles with tag/author/favorited filters and GET /api/articles/:slug/comments), causing widespread 401s/422s and breaking favoriting behavior (400). This indicates flawed auth/route-guard logic rather than missing endpoints or response schema issues."
mini_swe_sdk,qwen3-coder-next,node,fastify-openapi-clean_architecture-postgres-sequelize,run_0,logic_error,"The server starts and endpoints respond, but many requests fail with 422/400 indicating incorrect request validation/handling and business logic (e.g., filtering/feed/profile/follow/favorite flows). Additionally, article responses show an empty author despite correct DB relations, pointing to broken association loading/serialization rather than missing routes or startup issues."
mini_swe_sdk,qwen3-coder-next,node,fastify-openapi-clean_architecture-postgres-sequelize,run_1,logic_error,"The server starts and endpoints exist, but key article routes behave incorrectly: GET /api/articles/:slug is being treated as an integer lookup (Postgres error ""invalid input syntax for type integer""), causing 422s across slug-based operations (feed, single article, comments, favorite/unfavorite). Additional failures like 401 on update and 400 on favorite indicate broken auth/state logic rather than missing endpoints or schema-only mismatches."
mini_swe_sdk,qwen3-coder-next,node,fastify-openapi-clean_architecture-postgres-sequelize,run_2,stuck_in_loop,"The server starts, but the agent repeatedly applies the exact same edit to Comment.js without addressing the failing favorite/comment endpoints or making progress, indicating an unproductive loop rather than a single logic/schema issue being resolved."
mini_swe_sdk,qwen3-coder-next,node,fastify-openapi-clean_architecture-sqlite,run_0,logic_error,"The server starts and most endpoints exist, but favoriting and related queries behave incorrectly: after favoriting an article, the list endpoint returns it with ""favorited"": false / inconsistent favorited flags, which would cause the Favorite Article POST and favorited-by-username GET tests to fail despite correct HTTP status codes."
mini_swe_sdk,qwen3-coder-next,node,fastify-openapi-clean_architecture-sqlite,run_1,logic_error,"The server starts and the endpoints exist, but many article/favorite/comment tests fail despite manual curls returning 200/201, indicating incorrect behavior under the RealWorld spec (e.g., favorited flag not reflecting the authenticated user, incorrect articlesCount/filtering, and wrong status codes like 422/400 on unfavorite/favorite). This points to implementation logic not matching required semantics rather than missing routes or server startup issues."
mini_swe_sdk,qwen3-coder-next,node,fastify-openapi-clean_architecture-sqlite,run_2,logic_error,"The server starts and many routes respond, but core behaviors are broken: auth is incorrectly enforced on public article list filters (tests expecting 200 get 401), and a runtime bug in CommentRepository (calling undefined this._mapRowToComment) crashes comment creation, causing 500s/failed comment-related tests."
mini_swe_sdk,qwen3-coder-next,node,fastify-openapi-clean_architecture-sqlite-sequelize,run_0,logic_error,"The server starts and core endpoints like user registration and article creation work, but many article-related routes return 422/400/401 due to incorrect request handling/auth logic (e.g., favorite endpoint reports missing Authorization despite a valid header). This indicates implemented endpoints with broken behavior rather than missing routes or startup issues."
mini_swe_sdk,qwen3-coder-next,node,fastify-openapi-clean_architecture-sqlite-sequelize,run_1,schema_format_error,"The server starts and core endpoints exist, but responses don’t match the expected JSON schema (e.g., GET /api/articles returns {""articles"":[{}]} instead of fully populated article objects), leading to widespread 422/400 failures despite successful creates."
mini_swe_sdk,qwen3-coder-next,node,fastify-openapi-clean_architecture-sqlite-sequelize,run_2,logic_error,"The server starts and most core endpoints respond with plausible JSON, but multiple tests around favoriting and tag-based article listing fail (400/422 and incorrect 200 behavior), indicating the endpoints exist yet implement the wrong state transitions/validation (e.g., favorite/unfavorite and tag filtering not correctly updating/returning favorited articles)."
mini_swe_sdk,qwen3-coder-next,node,fastify-openapi-postgres,run_0,logic_error,"The server starts and endpoints exist, but favoriting fails because the POST /api/articles/:slug/favorite handler (or Fastify JSON parser settings) incorrectly requires a non-empty JSON body; the Conduit spec sends an empty body for this route, causing 400 errors. The favorited query behavior also appears incorrect (tests for /api/articles?favorited=user fail despite 200 responses), indicating broken filtering logic rather than missing routes or schema-only issues."
mini_swe_sdk,qwen3-coder-next,node,fastify-openapi-postgres,run_1,logic_error,"The server starts and endpoints exist, but article listing/favoriting requests fail due to incorrect query parameter handling: LIMIT/OFFSET are being passed as text to Postgres, causing runtime SQL errors (""argument of LIMIT must be type bigint, not type text"") and resulting 422/400 responses instead of correct behavior."
mini_swe_sdk,qwen3-coder-next,node,fastify-openapi-postgres,run_2,logic_error,"The server starts and endpoints exist, but article/favorite-related queries are using the wrong parameter types/values (e.g., passing the string ""user"" where an integer user_id is expected), causing Postgres ""invalid input syntax for type integer"" and resulting 400/422 responses for favoriting and article listing filters."
mini_swe_sdk,qwen3-coder-next,node,fastify-openapi-postgres-sequelize,run_0,logic_error,"The server starts and routes are present, but authentication handling is incorrect: @fastify/jwt expects an `Authorization: Bearer <token>` header while the agent/tests use `Authorization: Token <token>`, causing jwtVerify to throw and downstream code to read a null user (500s). This broken auth logic cascades into widespread endpoint failures."
mini_swe_sdk,qwen3-coder-next,node,fastify-openapi-postgres-sequelize,run_1,logic_error,"The server starts and most routes exist, but many authenticated endpoints return 401, indicating broken JWT/auth middleware behavior (e.g., token parsing/verification or user lookup). Additional 404/500s on article/comment/profile routes suggest incorrect routing/slug handling and runtime errors in specific handlers rather than missing server startup or structural constraints."
mini_swe_sdk,qwen3-coder-next,node,fastify-openapi-postgres-sequelize,run_2,logic_error,"The server starts and endpoints exist, but many requests fail due to incorrect runtime behavior: auth gating is misapplied (e.g., feed returning 401) and Sequelize query construction is wrong (Postgres ARRAY stringify error `values.map is not a function` in `GET /api/articles` filtering by tag/author), leading to 400/422/500-style failures rather than missing routes or schema-only mismatches."
mini_swe_sdk,qwen3-coder-next,node,fastify-openapi-sqlite,run_0,logic_error,"The server starts and many endpoints respond, but article listing/filtering logic is broken: a query for /api/articles?author=... crashes with SQLITE_ERROR ""no such column: u.username"" due to an invalid SQL statement referencing an alias/column not present in the FROM/JOIN clause. This runtime DB/query bug causes widespread 500s across article/tag/feed/favorite/comment-related tests."
mini_swe_sdk,qwen3-coder-next,node,fastify-openapi-sqlite,run_1,logic_error,"The server starts and endpoints are present, but key article query behaviors (filtering by author/tag/favorited and favoriting) fail due to incorrect SQL logic/joins and aliasing, producing SQLite runtime errors (e.g., missing columns like `articles_users.username` / `articles.author_id`) and resulting 422/400 responses instead of correct results."
mini_swe_sdk,qwen3-coder-next,node,fastify-openapi-sqlite,run_2,logic_error,"The server starts and most routes exist, but key authenticated article operations (feed, update) crash with 500 due to `request.user` being undefined (e.g., ""Cannot read properties of undefined (reading 'id')""), indicating broken auth/user propagation and related business logic; additionally favoriting returns 400, pointing to incorrect endpoint behavior rather than missing routes or schema-only issues."
mini_swe_sdk,qwen3-coder-next,node,fastify-openapi-sqlite-sequelize,run_0,logic_error,"The server starts and most routes exist, but multiple endpoints return 500/400/422 due to runtime bugs (e.g., feed route throws ""Assignment to constant variable"" and unfavorite throws TypeError reading undefined username), indicating incorrect request handling/state logic rather than missing endpoints or schema-only mismatches."
mini_swe_sdk,qwen3-coder-next,node,fastify-openapi-sqlite-sequelize,run_1,logic_error,"The server starts and the agent’s manual curl checks show endpoints exist and return plausibly structured JSON, yet the official test suite reports widespread failures across nearly all routes. This points to behavioral mismatches (e.g., auth/token handling, status codes, required defaults, query filtering/pagination, slug/favorite/feed logic) rather than missing endpoints or startup issues."
mini_swe_sdk,qwen3-coder-next,node,fastify-openapi-sqlite-sequelize,run_2,logic_error,"The server starts and most endpoints exist, but several requests fail due to runtime behavior bugs: e.g., unfavorite throws a TypeError in serializeProfile when author/user is undefined, and comments listing errors with SQLITE ""no such column: Comment.articleId"" indicating incorrect Sequelize model/association/column naming. These are functional logic/ORM mapping issues rather than missing routes or startup problems."
mini_swe_sdk,qwen3-coder-next,node,fastify-openapi-unconstrained,run_0,logic_error,"The server starts and the favorite endpoint exists, but the tests for favoriting and listing favorited articles fail (POST returns 400; favorited-by-username listing fails), indicating incorrect behavior/validation in the favorites feature (e.g., auth handling, slug/username lookup, or favorited filtering), not missing routes or startup issues."
mini_swe_sdk,qwen3-coder-next,node,fastify-openapi-unconstrained,run_1,logic_error,"The server starts and the relevant endpoints exist, but key behaviors are incorrect: PUT /articles returns 500 (runtime bug in update logic), and favoriting-related tests fail (POST favorite returns 400 and listing articles favorited by a user returns wrong results), indicating broken state/validation/query logic rather than missing routes or schema-only mismatches."
mini_swe_sdk,qwen3-coder-next,node,fastify-openapi-unconstrained,run_2,logic_error,"The server starts and core endpoints work, but multiple tests fail specifically around favoriting and fetching comments/favorited-articles, indicating incorrect behavior/state handling (e.g., favorited-by-username queries, auth-dependent favorited flags, or comment listing) rather than missing routes or server startup issues."
mini_swe_sdk,qwen3-coder-next,node,hono-openapi-clean_architecture,run_0,incomplete_implementation,"The server starts and basic endpoints (health, tags, articles list, user register/login) work, but multiple tests for ""Articles by Author"" and ""All Comments for Article"" fail, indicating those routes/handlers are missing or not correctly implemented (likely returning 404/empty/incorrect behavior) despite the agent declaring completion."
mini_swe_sdk,qwen3-coder-next,node,hono-openapi-clean_architecture,run_2,logic_error,"The server starts and the follow endpoint exists, but the Follow Profile POST test fails because the follow logic incorrectly returns an error (e.g., treating the request as self-follow due to wrong user identity parsing/lookup from the token) instead of successfully following another user."
mini_swe_sdk,qwen3-coder-next,node,hono-openapi-clean_architecture-postgres,run_0,logic_error,"The server starts and some endpoints (e.g., login, health-check) work, but it crashes during article creation due to an unhandled TypeError in ArticleService.populateArticle (attempting to set author.following when author is undefined), causing connection resets and cascading test failures."
mini_swe_sdk,qwen3-coder-next,node,hono-openapi-clean_architecture-postgres,run_1,logic_error,"The server starts and endpoints appear to exist, but the API behavior doesn’t match the RealWorld spec: tests show widespread 401/422/404 responses (auth not accepted, validation failing, and slug-based article routes not resolving), indicating incorrect request handling/business logic rather than missing server startup or pure JSON shape issues."
mini_swe_sdk,qwen3-coder-next,node,hono-openapi-clean_architecture-postgres,run_2,incomplete_implementation,"The server starts and responds to a health-check, but the test suite reports 404 for essentially all required RealWorld endpoints, indicating the API surface/routes expected by the tests are not implemented or not mounted at the correct paths (e.g., missing /api prefix or route registration)."
mini_swe_sdk,qwen3-coder-next,node,hono-openapi-clean_architecture-postgres-sequelize,run_0,server_startup_failure,"The server crashes immediately on startup with a TypeError inside Hono because the code incorrectly calls `app.fetch({ port } as any)` (passing a non-Request object), so no HTTP server is actually started and all API tests fail as a result."
mini_swe_sdk,qwen3-coder-next,node,hono-openapi-clean_architecture-postgres-sequelize,run_1,logic_error,"The server starts and the comments endpoints exist (GET returns 200 in logs), but the two failing tests are specifically for ""All Comments for Article"" with and without login, indicating the handler returns an incorrect payload/behavior (e.g., wrong comment list contents/ordering/author fields) rather than missing routes or startup issues."
mini_swe_sdk,qwen3-coder-next,node,hono-openapi-clean_architecture-postgres-sequelize,run_2,server_startup_failure,"The server fails to start under the test harness because the configured entry point `node dist/server.js` cannot be found (`MODULE_NOT_FOUND: Cannot find module '/repository/dist/server.js'`). With the backend not reliably starting, all API tests fail due to connection/startup issues rather than endpoint logic."
mini_swe_sdk,qwen3-coder-next,node,hono-openapi-clean_architecture-sqlite,run_0,logic_error,"The server starts and routes exist, but many requests return 500/422/401 due to incorrect runtime behavior. Logs show ArticleService.getArticles throws ""Author not found"" while mapping articles, indicating broken domain/data logic (e.g., joins/seed/user lookup) rather than missing endpoints or schema formatting."
mini_swe_sdk,qwen3-coder-next,node,hono-openapi-clean_architecture-sqlite,run_1,logic_error,"The server starts and the relevant endpoints exist (logs show 200 responses for favorite and follow/unfollow), but the tests for favoriting an article and following/unfollowing a profile still fail, indicating incorrect state mutation or relationship handling (e.g., not persisting favorites/follows, wrong user/article linkage, or incorrect following/favorited flags/counts) rather than missing routes or schema/format issues."
mini_swe_sdk,qwen3-coder-next,node,hono-openapi-clean_architecture-sqlite,run_2,logic_error,"The server starts and the relevant endpoints exist, but the failing tests are for follow/unfollow and favoriting behavior, indicating incorrect state mutation/authorization handling (e.g., using a dummy token, not mapping token→user, or returning wrong boolean types like 0/1) rather than missing routes or response schema."
mini_swe_sdk,qwen3-coder-next,node,hono-openapi-clean_architecture-sqlite-sequelize,run_0,logic_error,"The server is running and many routes exist (logs show 200/201/401/404/422 responses), but core behaviors are incorrect: auth-protected endpoints return 401 even after login, some resources resolve to null slugs/ids leading to /articles/null and 404s, and favorited filtering returns 422. This indicates broken authentication/state handling and request/response logic rather than startup or missing implementation."
mini_swe_sdk,qwen3-coder-next,node,hono-openapi-clean_architecture-sqlite-sequelize,run_1,logic_error,"The server starts and many routes exist, but core article operations fail with 500s due to incorrect SQLite/Sequelize query logic (using the Postgres-only JSON/array containment operator `@>` on `tagList`), causing `SQLITE_ERROR: unrecognized token: ""@""` and breaking tag/article listing and creation behavior."
mini_swe_sdk,qwen3-coder-next,node,hono-openapi-clean_architecture-sqlite-sequelize,run_2,server_startup_failure,"The server crashes on startup because the Node runtime code incorrectly uses Bun.serve (and references the Bun global), causing a TypeScript compile error and then a runtime ReferenceError: Bun is not defined, so all API tests fail due to the server not running."
mini_swe_sdk,qwen3-coder-next,node,hono-openapi-postgres,run_0,logic_error,"The server starts and most article endpoints exist, but requests trigger a Postgres runtime error (42P18: could not determine data type of parameter $1) in src/routes/articles.ts, causing 500s (e.g., Feed GET) and cascading failures. Additionally, comment endpoints return 404, indicating routing/mounting logic issues for comments, but the dominant failure is incorrect query/parameter handling leading to wrong behavior at runtime."
mini_swe_sdk,qwen3-coder-next,node,hono-openapi-postgres,run_1,server_startup_failure,"The server crashes on startup with a MODULE_NOT_FOUND error (Cannot find module './db' imported from src/db/helpers.ts), so no endpoints are reachable and all API tests fail as a consequence."
mini_swe_sdk,qwen3-coder-next,node,hono-openapi-postgres-sequelize,run_0,logic_error,"The server starts and endpoints exist, but key queries for feed/favorited/tag filtering pass objects instead of integer IDs into Sequelize WHERE clauses, producing SQL like author_id='[object Object]' and causing 422 responses. This is incorrect runtime behavior in the controller/query-building logic rather than missing routes or schema formatting."
mini_swe_sdk,qwen3-coder-next,node,hono-openapi-postgres-sequelize,run_1,logic_error,"The server starts and most endpoints return 200, but the specific ""Articles by Tag"" GET tests fail with 422, indicating the endpoint exists yet rejects valid query parameters (e.g., tag filtering) due to incorrect validation/parsing or tag-filter logic rather than missing routes or response schema."
mini_swe_sdk,qwen3-coder-next,node,hono-openapi-postgres-sequelize,run_2,server_startup_failure,"Although the server initially prints that it is running, it crashes on the first real request with a Node/undici TypeError (""duplex option is required when sending a body"") originating from src/index.js, causing subsequent API calls to fail (curl return code 52 / connection drop) and leading to all Newman tests failing."
mini_swe_sdk,qwen3-coder-next,node,hono-openapi-sqlite,run_0,logic_error,"The server starts and most endpoints work, but the Update User PUT endpoint consistently returns 500 due to a SQLite binding/parameter mismatch (SQLITE_RANGE: column index out of range), indicating incorrect SQL statement construction or parameter ordering/count in the user update logic."
mini_swe_sdk,qwen3-coder-next,node,hono-openapi-sqlite,run_1,logic_error,"The server is running and serving some routes (e.g., /api/users 201, /api/profiles/:username 200, /api/tags 200), but key behaviors are incorrect: several endpoints return 401/404 unexpectedly and follow/unfollow crashes with a TypeError reading 'id' (auth/user context undefined). This indicates broken authentication/route logic rather than startup failure."
mini_swe_sdk,qwen3-coder-next,node,hono-openapi-sqlite,run_2,server_startup_failure,"Although the process prints ""Server running on port 3000"", it crashes on the first real request with a Node/undici runtime exception (""RequestInit: duplex option is required when sending a body"") in src/index.ts, causing all API tests to fail due to the server not staying up to handle requests."
mini_swe_sdk,qwen3-coder-next,node,hono-openapi-sqlite-sequelize,run_0,logic_error,"The server starts and many authenticated routes work (e.g., follow/unfollow succeeds with the same token), but key auth-protected endpoints like GET/PUT /api/user still return 401, indicating incorrect auth middleware/route-specific token handling. Additionally, the Articles-by-Tag endpoint returns 500, suggesting a runtime logic bug in tag filtering/querying rather than missing routes or schema-only issues."
mini_swe_sdk,qwen3-coder-next,node,hono-openapi-sqlite-sequelize,run_1,logic_error,"The server starts and routes are being hit, but requests crash at runtime due to incorrect Hono/Node adapter usage: `app.fetch(req, res)` passes Node IncomingMessage/ServerResponse where Hono expects a Fetch API Request, causing `this.raw.headers.get is not a function` in auth middleware and leading to widespread 500s across endpoints."
mini_swe_sdk,qwen3-coder-next,node,hono-openapi-sqlite-sequelize,run_2,server_startup_failure,"The agent repeatedly used incorrect Hono Node adapter APIs/imports (e.g., `getRouter`, `serve`, and misusing `app.fetch(req,res)`), causing runtime SyntaxErrors/connection refusals and preventing a stable server from starting to handle requests, which explains the broad test failures."
mini_swe_sdk,qwen3-coder-next,node,hono-openapi-unconstrained,run_2,logic_error,"The server starts and endpoints appear to exist, but core article/comment behaviors fail the RealWorld tests (create/list/filter/update articles; list comments with/without auth). The agent’s own manual checks show state inconsistencies (e.g., slug changes breaking subsequent operations), indicating incorrect business logic/state handling rather than missing routes or startup issues."
mini_swe_sdk,qwen3-coder-next,node,koa-openapi-clean_architecture,run_0,logic_error,"The server starts, but the Update User endpoint throws a runtime TypeError: `userWithToken.toResponse is not a function`, indicating the route/service returns a plain object (or wrong type) instead of a User entity/model that implements `toResponse`, causing 500s despite the endpoint existing."
mini_swe_sdk,qwen3-coder-next,node,koa-openapi-clean_architecture,run_1,stuck_in_loop,"The server starts, but the agent repeatedly fixates on the same hypothesis about auth header parsing and keeps re-running the same log/datastore inspection commands without making code changes or progressing toward resolving the failing API tests."
mini_swe_sdk,qwen3-coder-next,node,koa-openapi-clean_architecture,run_2,logic_error,"The server starts and most endpoints work, but the GET all-comments-for-article endpoint consistently returns HTTP 422 (both with and without login), indicating the route exists but rejects valid requests due to incorrect validation/slug handling or comment retrieval logic rather than missing endpoints or server startup issues."
mini_swe_sdk,qwen3-coder-next,node,koa-openapi-clean_architecture-postgres,run_0,logic_error,"The server starts and most endpoints exist, but multiple article list/favorite/update behaviors fail and the comments listing endpoints return 500s, indicating incorrect runtime logic (e.g., query/join handling, auth-dependent fields, or comment retrieval) rather than missing routes or startup issues."
mini_swe_sdk,qwen3-coder-next,node,koa-openapi-clean_architecture-postgres,run_2,logic_error,"The server starts and most endpoints exist, but multiple GET /articles variants fail and favorited-by-username requests return 422, indicating incorrect query/validation logic for filtering (author/tag/favorited) rather than missing routes or startup issues."
mini_swe_sdk,qwen3-coder-next,node,koa-openapi-clean_architecture-postgres-sequelize,run_0,schema_format_error,"The server starts and core endpoints respond, but several article/comment/favorite tests fail with 404/422 despite routes existing, indicating the API is returning responses in the wrong JSON shape (e.g., missing required wrapper objects like {""article"":...}/{""comment"":...} or incorrect error format), causing validation failures rather than pure missing endpoints or startup issues."
mini_swe_sdk,qwen3-coder-next,node,koa-openapi-clean_architecture-postgres-sequelize,run_1,incomplete_implementation,"The server starts, but multiple required endpoints return 404 (e.g., current user, update user, feed), indicating missing routes/handlers. Additionally, several article/comment listing endpoints return 500 due to a Sequelize include misconfiguration, showing key parts of the API surface are not correctly implemented."
mini_swe_sdk,qwen3-coder-next,node,koa-openapi-clean_architecture-postgres-sequelize,run_2,logic_error,"The server starts and endpoints exist, but many article-related requests return 422 due to runtime/query logic issues (e.g., Postgres error ""invalid input syntax for type integer: \""[object Object]\""""), indicating incorrect handling of query parameters/Sequelize where clauses rather than missing routes or schema-only mismatches."
mini_swe_sdk,qwen3-coder-next,node,koa-openapi-clean_architecture-sqlite,run_0,stuck_in_loop,"The agent repeatedly fixated on the same misdiagnosis about `article.article.id` and kept adding/debugging logs without making a corrective code change, then failed to follow the required action format and ultimately terminated without resolving the failing endpoints/tests."
mini_swe_sdk,qwen3-coder-next,node,koa-openapi-clean_architecture-sqlite,run_1,logic_error,"The server starts and endpoints exist, but many RealWorld spec behaviors are incorrect (e.g., follow/unfollow returning 422 and multiple article/user operations failing assertions), indicating broken request handling/validation or state mutation rather than missing routes or startup issues."
mini_swe_sdk,qwen3-coder-next,node,koa-openapi-clean_architecture-sqlite,run_2,incomplete_implementation,"The server starts and some endpoints work (e.g., user registration and article creation), but multiple required API routes are missing and return 404 (notably Current User GET and Update User PUT), indicating the agent did not complete the full endpoint surface required by the spec."
mini_swe_sdk,qwen3-coder-next,node,koa-openapi-clean_architecture-sqlite-sequelize,run_0,server_startup_failure,"The server crashes on startup with a TypeError in src/models/User.js when accessing sequelize.DataTypes.STRING (sequelize/DataTypes is undefined), so the API never becomes reachable and all endpoint tests fail as a consequence."
mini_swe_sdk,qwen3-coder-next,node,koa-openapi-clean_architecture-sqlite-sequelize,run_1,schema_format_error,"The server starts and most routes exist, but tests show 404s for current/update user and widespread 422s on article/comment operations, consistent with responses not matching the RealWorld spec (e.g., missing required top-level wrappers like {""user"":...}/{""article"":...} and/or validation expecting different request/response shapes). The agent’s manual curl outputs also show several endpoints returning bare article objects instead of the required wrapped schema, which would trigger these failures."
mini_swe_sdk,qwen3-coder-next,node,koa-openapi-clean_architecture-sqlite-sequelize,run_2,incomplete_implementation,"The server starts, but key RealWorld endpoints are not mounted at the expected paths (e.g., POST /api/users returns 404), indicating the routing layer is miswired/missing required routes; subsequent 401s are a cascade from missing login/register and auth middleware not being reached."
mini_swe_sdk,qwen3-coder-next,node,koa-openapi-postgres,run_0,stuck_in_loop,"The agent repeatedly applied the same middleware reordering change to src/index.js without addressing the actual failing behaviors (numerous 404/422/500s and a TypeError in profiles routes), indicating it was oscillating on one hypothesis and not making progress toward fixing the API."
mini_swe_sdk,qwen3-coder-next,node,koa-openapi-postgres,run_1,logic_error,"The server starts and the /api/articles endpoints exist, but GET /api/articles returns 422 due to a PostgreSQL query bug: a dynamically-built SQL statement uses an untyped parameter ($1), triggering ""could not determine data type of parameter $1"". This is incorrect query construction/parameter handling rather than missing endpoints or schema formatting."
mini_swe_sdk,qwen3-coder-next,node,koa-openapi-postgres-sequelize,run_0,logic_error,"The server starts and most endpoints appear to exist, but the Favorite/Unfavorite Article operations consistently return 422, indicating the routes are implemented yet failing at runtime due to incorrect business logic (e.g., auth handling, slug lookup, association/favorite creation/deletion) rather than missing endpoints or response schema issues."
mini_swe_sdk,qwen3-coder-next,node,koa-openapi-postgres-sequelize,run_1,server_startup_failure,"Although the process prints ""Server running"", every request triggers a runtime crash due to `ReferenceError: Sequelize is not defined` in `index.js:262`, causing widespread 401/404/500 failures. This is a startup/runtime wiring error (missing import/undefined global) rather than endpoint logic or schema issues."
mini_swe_sdk,qwen3-coder-next,node,koa-openapi-postgres-sequelize,run_2,logic_error,"The server starts and responds to health-check, but core behaviors are broken: many endpoints return incorrect status codes (422/404) and the logs show a runtime TypeError (currentUser.removeFollowing is not a function) indicating incorrect Sequelize association/method wiring for follow/unfollow, leading to failing profile/article/comment flows despite routes existing."
mini_swe_sdk,qwen3-coder-next,node,koa-openapi-sqlite,run_0,incomplete_implementation,"The server starts (log shows it running on port 3000), but core required endpoints like POST /api/users and most article/tag routes return 404, indicating the API surface/routes were not actually implemented or registered correctly beyond a basic health-check."
mini_swe_sdk,qwen3-coder-next,node,koa-openapi-sqlite,run_1,incomplete_implementation,"The server starts (log shows it running on port 3000), but most required RealWorld endpoints return 404, indicating routes were not implemented or not mounted under the expected paths (e.g., /api). The remaining 401s are consistent with missing/incorrect auth middleware or endpoints not present, but the dominant issue is the absent API surface."
mini_swe_sdk,qwen3-coder-next,node,koa-openapi-sqlite,run_2,logic_error,"The server starts and the /api/articles/feed route exists, but it returns an error payload (and tests see 404) instead of a valid empty feed when the user follows someone with no articles. This indicates incorrect feed handler logic/response behavior rather than missing endpoints or startup issues."
mini_swe_sdk,qwen3-coder-next,node,koa-openapi-sqlite-sequelize,run_1,logic_error,"The server starts and endpoints exist, but core behaviors are incorrect: many tests expecting 401/200/201 fail, indicating broken auth/authorization handling and article operations (create/update/favorite/feed/tag filtering) rather than missing routes or startup issues. The agent also got stuck chasing a nonexistent unique constraint, suggesting the real failures are in request handling logic."
mini_swe_sdk,qwen3-coder-next,node,koa-openapi-sqlite-sequelize,run_2,logic_error,"The server starts and most endpoints work (e.g., get article, post comment), but specific behaviors are wrong: favoriting/unfavoriting returns 401 despite a seemingly valid token, and listing articles by tag triggers a Sequelize/SQLite count/aggregate error causing 500s. These indicate incorrect auth handling and query logic rather than missing routes or schema formatting."
mini_swe_sdk,qwen3-coder-next,node,koa-openapi-unconstrained,run_1,logic_error,"The server starts and most endpoints appear implemented, but the specific GET /api/articles/:slug/comments behavior fails both with and without login, indicating the comments retrieval logic (e.g., route handler, slug lookup, or response generation) is incorrect despite the endpoint existing."
mini_swe_sdk,qwen3-coder-next,node,koa-openapi-unconstrained,run_2,logic_error,"The server starts and core endpoints (health check, registration, login) work, but the specific feature under test—GET /articles favorited by username—fails consistently, indicating incorrect implementation of the favoriting/query logic (e.g., not filtering by favorited user or mishandling auth vs unauth cases) rather than missing routes or startup issues."
mini_swe_sdk,qwen3-coder-next,uv,aiohttp-openapi-clean_architecture,run_0,server_startup_failure,"The server never starts under the test harness because run.sh tries to `cd /testbed`, but that directory doesn’t exist (`cd: /testbed: No such file or directory`). As a result, all API tests fail since the backend isn’t running/reachable."
mini_swe_sdk,qwen3-coder-next,uv,aiohttp-openapi-clean_architecture,run_2,logic_error,"The server starts and the comments endpoints exist, but the GET /api/articles/{slug}/comments behavior is incorrect (fails both with and without login), indicating a bug in comment retrieval/authorization logic rather than missing routes or server startup issues."
mini_swe_sdk,qwen3-coder-next,uv,aiohttp-openapi-clean_architecture-postgres,run_0,server_startup_failure,"The backend fails to start due to a missing dependency: `ModuleNotFoundError: No module named 'bcrypt'` during import in `src/repositories/user_repository.py`. With the server not reliably running, all API tests fail (connection/0-assertion style failures), regardless of endpoint logic."
mini_swe_sdk,qwen3-coder-next,uv,aiohttp-openapi-clean_architecture-postgres,run_1,logic_error,"The server starts and routes are present, but requests consistently return 500 due to runtime logic/middleware issues—e.g., handlers expect `request['user_id']` yet authentication middleware never sets it, causing `KeyError: 'user_id'` and cascading internal errors across endpoints."
mini_swe_sdk,qwen3-coder-next,uv,aiohttp-openapi-clean_architecture-postgres,run_2,logic_error,"The server starts and routes are present, but requests fail with 500s due to incorrect asyncpg pool/connection lifecycle handling: repository methods call fetch/fetchrow on a connection that has already been released back to the pool, causing InterfaceError and cascading endpoint failures (and resulting auth-dependent endpoints returning 401)."
mini_swe_sdk,qwen3-coder-next,uv,aiohttp-openapi-clean_architecture-postgres-sqlalchemy,run_0,logic_error,"The server starts and some endpoints work (health check, register/login), but core article operations fail with runtime SQLAlchemy async misuse (e.g., greenlet_spawn/await_only errors) and later connection pool exhaustion (QueuePool TimeoutError), causing widespread 500s/422s/404s despite routes existing."
mini_swe_sdk,qwen3-coder-next,uv,aiohttp-openapi-clean_architecture-postgres-sqlalchemy,run_1,logic_error,"The server does start and routes are reachable, but core request handling fails at runtime: creating an article throws SQLAlchemy UnmappedInstanceError (model not properly mapped/registered), and comment deletion crashes parsing an 'id' of 'null'. These are implementation/behavior bugs rather than missing endpoints or startup issues."
mini_swe_sdk,qwen3-coder-next,uv,aiohttp-openapi-clean_architecture-postgres-sqlalchemy,run_2,logic_error,"The server starts and routes exist, but many requests return 500 due to runtime bugs in request handling/model construction (e.g., Comment __init__ requires an id, delete_comment tries to int('null')), plus improper session/connection lifecycle causing SQLAlchemy asyncpg warnings. These are behavioral/implementation logic issues rather than missing endpoints or schema-only mismatches."
mini_swe_sdk,qwen3-coder-next,uv,aiohttp-openapi-clean_architecture-sqlite,run_0,logic_error,"The server starts and endpoints exist, but requests fail with 500s due to incorrect SQL logic/schema usage in the articles favorites queries (e.g., referencing non-existent column f.user_id and mismatched SQL parameter bindings), causing OperationalError/ProgrammingError during GET /api/articles and favorited-articles flows."
mini_swe_sdk,qwen3-coder-next,uv,aiohttp-openapi-clean_architecture-sqlite,run_1,logic_error,"The server does start and responds to /api/health-check, but all API calls return 500 due to a runtime bug in DB handling: aiosqlite raises ""RuntimeError: threads can only be started once"" from repositories._get_db()/find_by_token, indicating the code is reusing an aiosqlite connection/context incorrectly and crashing every request."
mini_swe_sdk,qwen3-coder-next,uv,aiohttp-openapi-clean_architecture-sqlite,run_2,logic_error,"The server starts and most endpoints work, but the failing tests are specifically for “Articles by Author” returning HTTP 422, indicating the endpoint exists yet rejects valid requests due to incorrect request validation/parameter handling (e.g., mishandling the `author` query param or route parsing), which is a behavioral bug rather than missing endpoints or wrong response schema."
mini_swe_sdk,qwen3-coder-next,uv,aiohttp-openapi-clean_architecture-sqlite-sqlalchemy,run_0,logic_error,"The server does start and responds to /api/health-check, but many API calls fail with 422/401/500 due to runtime behavior issues. Server logs show a persistent aiosqlite connection misuse (""threads can only be started once"") causing 500s, and auth/validation flows appear broken (422 on register/login, 401 on protected endpoints)."
mini_swe_sdk,qwen3-coder-next,uv,aiohttp-openapi-clean_architecture-sqlite-sqlalchemy,run_1,logic_error,"The server starts and most routes exist, but key behaviors fail at runtime with 500s due to missing repository methods (e.g., ArticleRepository has no add/remove), breaking favorite/unfavorite and tag-related flows. This is an internal implementation bug rather than a startup, schema, or structural-constraint issue."
mini_swe_sdk,qwen3-coder-next,uv,aiohttp-openapi-clean_architecture-sqlite-sqlalchemy,run_2,logic_error,"The server starts and routes exist, but core behaviors fail: many endpoints return 401 (auth/token handling not working as expected) and others error due to incorrect DB/session usage and state (e.g., UNIQUE constraint on users.id inserting id=0, and tags route using an un-awaited coroutine as an async context manager). These are runtime logic/implementation bugs rather than missing endpoints or pure schema formatting issues."
mini_swe_sdk,qwen3-coder-next,uv,aiohttp-openapi-postgres,run_1,logic_error,"The server starts and endpoints exist, but authenticated handlers (feed, follow/unfollow, article filters) crash with KeyError: 'user' because the auth middleware is not reliably populating request['user'] (or handlers assume it unconditionally), leading to widespread 500s rather than missing routes or schema mismatches."
mini_swe_sdk,qwen3-coder-next,uv,aiohttp-openapi-postgres,run_2,logic_error,"The server starts and routes exist, but requests fail due to runtime bugs in handler/query logic (e.g., asyncpg DatatypeMismatchError from passing text to LIMIT, and ValueError parsing comment id 'null'), causing widespread 500s and some incorrect 404s for article/comment operations."
mini_swe_sdk,qwen3-coder-next,uv,aiohttp-openapi-postgres-sqlalchemy,run_1,logic_error,"The server starts and routes are reachable, but most requests fail with 500s caused by a SQLAlchemy/asyncpg concurrency bug (""cannot perform operation: another operation is in progress""), indicating incorrect async session/connection handling (e.g., reusing a session/connection across concurrent requests). The agent then repeatedly restarts the server without fixing the underlying DB logic, leaving auth-dependent endpoints returning 401 as a downstream effect."
mini_swe_sdk,qwen3-coder-next,uv,aiohttp-openapi-postgres-sqlalchemy,run_2,logic_error,"The server starts and routes respond, but core behavior is broken: registration throws a 500 due to a timezone-aware vs timezone-naive datetime being inserted into TIMESTAMP WITHOUT TIME ZONE (DBAPIError), and many other endpoints return 401/422 indicating incorrect auth/token handling and request validation/slug parsing rather than missing endpoints or startup failure."
mini_swe_sdk,qwen3-coder-next,uv,aiohttp-openapi-sqlite,run_0,logic_error,"The server starts and endpoints exist, but key article handlers crash at runtime: update_article tries to mutate an immutable sqlite3.Row (TypeError), and get_articles uses a cursor/connection after it has been closed (sqlite3.ProgrammingError), causing widespread 500s on article-related GET/PUT requests."
mini_swe_sdk,qwen3-coder-next,uv,aiohttp-openapi-sqlite,run_2,logic_error,"The server does start and serves at least the health-check endpoint, but core requests fail with 500s due to runtime database logic issues: the SQLite schema/tables (e.g., `users`, `tags`) are not being created/initialized, leading to `sqlite3.OperationalError: no such table` during normal endpoint execution."
mini_swe_sdk,qwen3-coder-next,uv,aiohttp-openapi-sqlite-sqlalchemy,run_1,logic_error,"The server starts and most endpoints work, but PUT /api/user triggers a 500 due to incorrect SQLAlchemy session usage: the code calls session.refresh(user) on a User instance that is not persistent in that session, causing InvalidRequestError. This is a behavioral/transaction handling bug rather than a missing endpoint or schema mismatch."
mini_swe_sdk,qwen3-coder-next,uv,aiohttp-openapi-sqlite-sqlalchemy,run_2,logic_error,"The server starts and routes are present, but requests consistently crash with 500s due to a runtime bug: the code constructs a SQLAlchemy User model with an unsupported field (`User(id=user_id, token=token)`), causing `TypeError: 'token' is an invalid keyword argument for User` and breaking authenticated flows and downstream endpoints."
mini_swe_sdk,qwen3-coder-next,uv,aiohttp-openapi-unconstrained,run_2,logic_error,"The server starts and routes are present, but requests crash at runtime with TypeError: a coroutine is being treated like a dict (e.g., get_profile/follow_user/unfollow_user use user/viewer without awaiting get_current_user). This causes widespread 500s despite the API surface existing, indicating incorrect async/auth logic rather than missing endpoints or startup failure."
mini_swe_sdk,qwen3-coder-next,uv,django-openapi-clean_architecture,run_0,logic_error,"The server starts and the follow endpoint works via POST, but DELETE /api/profiles/<username>/follow returns 405 Method Not Allowed, indicating the route/view is not configured to accept DELETE (unfollow) despite the endpoint existing. This is a behavioral/HTTP-method handling bug rather than missing server startup or response schema issues."
mini_swe_sdk,qwen3-coder-next,uv,django-openapi-clean_architecture,run_2,server_startup_failure,"The runtime never reliably starts the intended Django app due to a broken entrypoint/path: run.sh tries to cd into /testbed/src and run /repository/manage.py, both of which don’t exist, and the agent also gets stuck with port 8080 already in use (can’t restart/replace the running server). As a result, tests can’t hit the correct server instance and all API checks fail."
mini_swe_sdk,qwen3-coder-next,uv,django-openapi-clean_architecture-postgres,run_0,server_startup_failure,"The server never reliably starts in the test environment because run.sh depends on `nc` (netcat) to wait for PostgreSQL, but `nc` is not installed (`./run.sh: line 6: nc: command not found`). As a result the app doesn’t come up for Newman, causing widespread endpoint failures despite the agent’s manual runserver tests working locally."
mini_swe_sdk,qwen3-coder-next,uv,django-openapi-clean_architecture-postgres,run_1,server_startup_failure,"Django fails during URLconf import with an AttributeError: conduit.api.views is missing get_articles_feed referenced in conduit/api/urls.py, preventing the server from starting and causing all API tests to fail."
mini_swe_sdk,qwen3-coder-next,uv,django-openapi-clean_architecture-postgres,run_2,constraint_violation,"The static verifier shows the required clean-architecture layering is essentially missing (0/4 layers detected), violating the task’s structural constraints. Additionally, runtime failures (500s like missing Postgres tables: relation ""core_tag"" does not exist) indicate the implementation wasn’t properly wired/migrated, but the primary graded failure is the explicit clean_architecture constraint breach."
mini_swe_sdk,qwen3-coder-next,uv,django-openapi-clean_architecture-postgres-sqlalchemy,run_0,server_startup_failure,"The server never reaches Django startup because run.sh blocks in a PostgreSQL wait loop that calls `nc`, but `nc` is not installed (`./run.sh: line 6: nc: command not found`). As a result, the API is unreachable and all endpoint tests fail."
mini_swe_sdk,qwen3-coder-next,uv,django-openapi-clean_architecture-postgres-sqlalchemy,run_1,constraint_violation,"The server starts and some endpoints respond, but the verifier reports the required clean architecture layers are missing (0/4) and the implementation doesn’t follow the mandated models/repositories/routes/services structure; additionally, multiple methods return 405/422 indicating the API surface isn’t aligned with the expected design under those constraints."
mini_swe_sdk,qwen3-coder-next,uv,django-openapi-clean_architecture-postgres-sqlalchemy,run_2,logic_error,"The server starts and most endpoints respond, but key requests fail due to incorrect runtime wiring/behavior: GET single article 500s because ArticleService has a None favorite_repository (AttributeError), and PUT user / DELETE unfollow return 405 indicating wrong HTTP method handling in routes/views. Additionally, the clean-architecture layer requirement is unmet, but the primary test failures are caused by broken endpoint logic and routing behavior rather than startup or missing endpoints."
mini_swe_sdk,qwen3-coder-next,uv,django-openapi-clean_architecture-sqlite,run_1,server_startup_failure,"The server never starts: logs show repeated `python: can't open file '/repository/src/manage.py'` indicating the Django entry point/path is missing or mislocated, causing all API tests to fail with connection/startup errors. Additionally, the verifier flags missing clean-architecture layers, but the primary blocker is the startup failure."
mini_swe_sdk,qwen3-coder-next,uv,django-openapi-clean_architecture-sqlite,run_2,logic_error,"The server starts and many endpoints work, but several routes return incorrect HTTP methods (405 on PUT/DELETE for user update, unfavorite, unfollow) and one endpoint crashes with a NameError in article_repository.get_all (undefined user_repository), indicating broken request handling/business logic rather than missing server startup or pure schema issues."
mini_swe_sdk,qwen3-coder-next,uv,django-openapi-clean_architecture-sqlite-sqlalchemy,run_0,logic_error,"The server is running and endpoints are reachable, but core behaviors are broken: auth-protected routes return 401/403 unexpectedly and comment creation crashes with an AttributeError (calling get_by_slug on a CommentService), indicating incorrect service wiring/authorization logic rather than missing endpoints or startup failure."
mini_swe_sdk,qwen3-coder-next,uv,django-openapi-clean_architecture-sqlite-sqlalchemy,run_1,logic_error,"The server starts and routes exist (e.g., /api/tags returns 200), but most requests fail with 422/401/405, indicating incorrect request parsing/validation and auth/method handling (e.g., register/login returning 422, update user and unfollow returning 405, many endpoints treating slug as null). This points to broken endpoint logic/validation rather than missing server startup or purely schema formatting issues."
mini_swe_sdk,qwen3-coder-next,uv,django-openapi-clean_architecture-sqlite-sqlalchemy,run_2,incomplete_implementation,"The server starts and most endpoints respond, but key required methods on existing resources are not implemented: PUT/DELETE on /api/articles/{slug} return 405, indicating the update/delete handlers were never correctly wired to that route. Additionally, favorited-by-username listing returns empty/incorrect results (200 with wrong data), showing missing/unfinished behavior for the favorited filter."
mini_swe_sdk,qwen3-coder-next,uv,django-openapi-postgres,run_0,server_startup_failure,"The server starts, but Django’s APPEND_SLASH middleware is causing RuntimeError 500s on POST/PUT/DELETE requests made to non-trailing-slash URLs (e.g., /api/users, /api/profiles/.../follow). This routing/middleware misconfiguration prevents core endpoints from functioning under the test client’s URL format, leading to widespread 500/401/404 failures."
mini_swe_sdk,qwen3-coder-next,uv,django-openapi-postgres,run_1,logic_error,"The server starts and many routes exist, but core article/profile logic is broken: a 500 is thrown due to an AttributeError in follow/serializer logic (accessing obj.user on a User), and several article operations return 404 because slugs are coming through as null, indicating incorrect state/serialization rather than missing server startup or purely absent endpoints."
mini_swe_sdk,qwen3-coder-next,uv,django-openapi-postgres,run_2,logic_error,"The server starts and endpoints exist, but many requests fail due to incorrect URL/middleware behavior: Django APPEND_SLASH is enabled while the API tests call non-trailing-slash URLs (e.g., /api/profiles/:username/follow), causing RuntimeError and 500s for POST/DELETE, and 301 redirects for GET. This mismatch also leads to widespread 401/404/500 outcomes despite the agent claiming functionality."
mini_swe_sdk,qwen3-coder-next,uv,django-openapi-postgres-sqlalchemy,run_0,logic_error,"The server starts and most endpoints pass, but the Favorite Article POST test fails, indicating the endpoint exists yet performs the favorite mutation incorrectly (e.g., not persisting/returning updated favorited state or favoritesCount). The agent’s trajectory also shows repeated, unresolved state-update/commit issues, consistent with a behavioral bug rather than missing routes or schema-only formatting."
mini_swe_sdk,qwen3-coder-next,uv,django-openapi-postgres-sqlalchemy,run_1,logic_error,"The server starts and routes exist, but many requests fail due to incorrect runtime behavior: 422s on register/login indicate request parsing/validation doesn’t match the expected API contract, and multiple 500s come from database state/queries (e.g., missing table ""api_tag"" suggests migrations/schema setup isn’t correctly applied/managed). Additionally, auth-protected endpoints returning 401/405 imply broken auth/method handling rather than missing endpoints."
mini_swe_sdk,qwen3-coder-next,uv,django-openapi-postgres-sqlalchemy,run_2,server_startup_failure,"The server fails to start due to a Django settings import error: `ModuleNotFoundError: No module named 'conduit_api'`, indicating an incorrect/missing project module or misconfigured `DJANGO_SETTINGS_MODULE`/entrypoint. This prevents the API from running, leading to widespread test failures."
mini_swe_sdk,qwen3-coder-next,uv,django-openapi-sqlite,run_0,logic_error,"The server starts and routes exist, but many requests return 500 due to runtime exceptions in serializers (e.g., DRF AssertionError from redundant `source='username'` in ProfileSerializer and TypeError/ManyRelatedManager handling for article tags). Several 404s also indicate some endpoints/actions (single article by slug, update, favorite, comments) are not correctly wired, but the dominant failures are incorrect request/response handling logic causing crashes."
mini_swe_sdk,qwen3-coder-next,uv,django-openapi-sqlite,run_1,logic_error,"The server starts and many routes respond, but multiple requests crash with 500s due to incorrect domain logic/state handling—e.g., views assume every User has an associated Profile (request.user.profile) causing RelatedObjectDoesNotExist, and article creation can violate unique slug constraints. Several other endpoints return 404s, but the dominant failures are runtime logic bugs in implemented endpoints rather than startup or pure schema formatting issues."
mini_swe_sdk,qwen3-coder-next,uv,django-openapi-sqlite,run_2,logic_error,"The server starts and most endpoints exist (200/201 responses), but key article behaviors are incorrect: GET /api/articles/<slug> returns 405 Method Not Allowed (routing/view method mismatch) and several article list/create/favorite tests fail despite successful responses, indicating incorrect endpoint logic/permissions rather than missing endpoints or startup issues."
mini_swe_sdk,qwen3-coder-next,uv,django-openapi-sqlite-sqlalchemy,run_0,logic_error,"The server starts and routes exist, but core request handling crashes with 500s due to broken model/serialization logic and DB schema mismatches (e.g., ManyRelatedManager not JSON serializable; missing/extra tags_data column causing OperationalError). Several endpoints also return 405, indicating incorrect HTTP method wiring for required actions."
mini_swe_sdk,qwen3-coder-next,uv,django-openapi-sqlite-sqlalchemy,run_1,incomplete_implementation,"The server starts and some routes exist (e.g., /api/tags returns 200), but many required endpoints return 404 (feed, profiles, article detail/comments) and core ones error or are miswired (POST /api/users 500 due to missing trailing slash; POST /api/articles/ returns 405), indicating the API surface and method handlers were not fully implemented or correctly routed."
mini_swe_sdk,qwen3-coder-next,uv,django-openapi-sqlite-sqlalchemy,run_2,logic_error,"The server starts and most endpoints exist, but several fail with 500/405 due to incorrect behavior and method handling (e.g., follow endpoint raises TypeError by adding a User to a following relation expecting Profile, and unfollow/update user return 405). Additionally, tag/article/feed endpoints returning 500 indicate broken application logic rather than missing routes or startup issues."
mini_swe_sdk,qwen3-coder-next,uv,django-openapi-unconstrained,run_0,logic_error,"The server starts and most endpoints respond, but key behaviors are incorrect: tag filtering triggers a 500 due to using a JSONField `contains` lookup unsupported by the current DB backend, and the user update endpoint returns 405 (method not allowed), indicating incorrect routing/view method handling rather than missing server startup or pure schema formatting issues."
mini_swe_sdk,qwen3-coder-next,uv,django-openapi-unconstrained,run_1,logic_error,"The server starts and most endpoints exist, but article list/detail serialization crashes with an AttributeError in profiles/serializers.py: it references user.followers even though the User model exposes a different related name (suggested 'follow'). This incorrect follow-relationship logic causes 500s on multiple article GET endpoints, while other routes (tags, profiles, comments, favorites) return 200."
mini_swe_sdk,qwen3-coder-next,uv,django-openapi-unconstrained,run_2,logic_error,"The server starts and routes exist, but core request handling is wrong: registration returns 422 (validation/parsing mismatch) and authenticated endpoints consistently return 401, indicating broken auth/token handling. Additionally, POST /api/articles returns ""Method not allowed"" despite a POST view existing, suggesting incorrect URL/view dispatch (e.g., duplicate path patterns causing the wrong view to be selected) rather than missing endpoints."
mini_swe_sdk,qwen3-coder-next,uv,fastapi-openapi-clean_architecture,run_0,logic_error,"The server starts and most routes exist (many 200s), but core behaviors are wrong: authenticated user endpoints return 401 after successful login (token handling/auth middleware mismatch), and article operations produce invalid slugs/IDs (requests hit /api/articles/null leading to 422/404), indicating broken state/serialization rather than missing endpoints or startup issues."
mini_swe_sdk,qwen3-coder-next,uv,fastapi-openapi-clean_architecture,run_2,logic_error,"The server starts and most endpoints return 200, but the specific behavior for filtering articles by favorited username is incorrect: the tests for ""Articles Favorited by Username"" (with and without auth) fail despite the endpoint existing and responding. This points to broken favorite-filter logic (e.g., not returning the correct set or favorited/favoritesCount flags) rather than missing routes or schema-only issues."
mini_swe_sdk,qwen3-coder-next,uv,fastapi-openapi-clean_architecture-postgres,run_0,logic_error,"The server starts and many endpoints respond, but core behaviors are broken: auth-protected routes return 401 (likely token parsing/validation or dependency wiring issues), feed and single-article routes return 404, and article favoriting crashes with an AttributeError in ArticleService (incorrect repository attribute access), indicating faulty application logic rather than missing server startup or pure schema formatting issues."
mini_swe_sdk,qwen3-coder-next,uv,fastapi-openapi-clean_architecture-postgres,run_1,logic_error,"The server starts and all relevant endpoints return 200 per logs, but multiple tests for GET /api/user, PUT /api/user, and POST /api/articles/{slug}/favorite still fail, indicating incorrect behavior/state handling (e.g., user update/current-user fields or favorite count/favorited flag) rather than missing routes or startup issues."
mini_swe_sdk,qwen3-coder-next,uv,fastapi-openapi-clean_architecture-postgres,run_2,logic_error,"The server starts and routes exist, but many requests fail due to incorrect runtime behavior: auth flows return 401, registration/update return 422 (request validation/contract mismatch), and article listing returns 500 with a FastAPI ResponseValidationError (endpoint returns an object while the response model expects a list). These indicate broken endpoint logic/validation rather than startup failure or missing endpoints."
mini_swe_sdk,qwen3-coder-next,uv,fastapi-openapi-clean_architecture-postgres-sqlalchemy,run_0,server_startup_failure,"Requests hit runtime exceptions due to a missing dependency: `ModuleNotFoundError: No module named 'passlib'` during user registration, causing 500s and cascading auth failures (401/422) across the suite. This is an environment/startup dependency issue rather than endpoint logic or schema mismatches."
mini_swe_sdk,qwen3-coder-next,uv,fastapi-openapi-clean_architecture-postgres-sqlalchemy,run_1,logic_error,"The server starts and most endpoints return 200, but article-related flows fail because the created article slug is coming back as null (tests then call /api/articles/null...), causing 422s on single-article, update, favorite/unfavorite, and comments. This indicates incorrect slug generation/serialization or create-article response behavior rather than missing routes or startup issues."
mini_swe_sdk,qwen3-coder-next,uv,fastapi-openapi-clean_architecture-postgres-sqlalchemy,run_2,logic_error,"The server starts and serves several endpoints (200/401/404 responses), but authentication/authorization and resource handling are broken: many protected routes return 401 even after login, profile routes return 404, and article slug handling yields 'null' leading to 404/422. This indicates incorrect auth/token propagation and endpoint logic rather than startup failure."
mini_swe_sdk,qwen3-coder-next,uv,fastapi-openapi-clean_architecture-sqlite,run_0,schema_format_error,"The server starts and most routes exist (many GETs return 200), but key POST/parameterized endpoints return 422 Unprocessable Entity, indicating FastAPI/Pydantic request/response schema mismatches (e.g., expecting different JSON wrapper fields like {""user"":...}/{""article"":...} or path params not matching), and subsequent 401s are likely cascading from failed login/register due to those schema issues."
mini_swe_sdk,qwen3-coder-next,uv,fastapi-openapi-clean_architecture-sqlite,run_1,incomplete_implementation,"The server starts and many article/profile/tag routes work, but key user endpoints are missing (Current User GET and Update User PUT return 404), indicating the API surface wasn’t fully implemented. Additionally, Feed GET returns 422, suggesting the feed route exists but is not correctly wired/validated, reinforcing incomplete endpoint implementation."
mini_swe_sdk,qwen3-coder-next,uv,fastapi-openapi-clean_architecture-sqlite-sqlalchemy,run_0,logic_error,"The server starts and the endpoints exist (many 200 OKs), but article-related operations return 422 because the created article slug is coming back as null/invalid, causing subsequent requests to hit paths like /api/articles/null and fail validation. This indicates broken state/serialization logic around slug generation/returning rather than missing routes or startup issues."
mini_swe_sdk,qwen3-coder-next,uv,fastapi-openapi-clean_architecture-sqlite-sqlalchemy,run_1,logic_error,"The server starts and most endpoints work (200/201), but GET /api/articles/feed consistently returns 422 with an application error payload (""Article not found""), indicating incorrect feed business logic/route handling rather than missing endpoints or schema formatting. The agent also got stuck repeatedly inspecting headers/token instead of fixing the underlying feed logic."
mini_swe_sdk,qwen3-coder-next,uv,fastapi-openapi-clean_architecture-sqlite-sqlalchemy,run_2,server_startup_failure,"The server fails to start under the test harness because Uvicorn cannot import the application entrypoint (`ModuleNotFoundError: No module named 'src'`). This import/entrypoint/package layout issue prevents the API from being reachable, leading to widespread test failures."
mini_swe_sdk,qwen3-coder-next,uv,fastapi-openapi-postgres,run_0,logic_error,"The server starts and most endpoints pass, but the Update User PUT triggers a 500 due to a SQLAlchemy session misuse: the log shows `InvalidRequestError: Instance '<User ...>' is not persistent within this Session`, meaning the code is operating on a detached User object (e.g., from a different session) during update/refresh/commit."
mini_swe_sdk,qwen3-coder-next,uv,fastapi-openapi-postgres,run_1,logic_error,"The server starts and many routes respond, but core behaviors fail at runtime due to incorrect auth/user handling (e.g., `unfollow_user` crashes because `user` is `None`, leading to 500s) and several endpoints return 401/404 from broken dependency/route logic rather than missing server startup."
mini_swe_sdk,qwen3-coder-next,uv,fastapi-openapi-postgres,run_2,logic_error,"The server starts and routes exist, but core request/authorization logic is broken: register/login return 422 due to mismatched request schema, and most other endpoints incorrectly return 401. Additionally, server logs show a SQLAlchemy DetachedInstanceError when accessing current_user.favorites, indicating faulty session/lazy-loading handling in endpoint logic."
mini_swe_sdk,qwen3-coder-next,uv,fastapi-openapi-postgres-sqlalchemy,run_0,logic_error,"The server starts and most endpoints work, but GET /api/articles/feed consistently returns 404 (""Article not found"") even though the route exists, indicating incorrect handler logic or dependency/auth flow causing an erroneous 404 instead of returning the feed payload."
mini_swe_sdk,qwen3-coder-next,uv,fastapi-openapi-postgres-sqlalchemy,run_1,logic_error,"The server starts and all required routes exist, but authenticated endpoints consistently return 401 after a successful login, indicating broken auth/token handling (e.g., token not issued/validated per spec or Authorization header parsing mismatch). Additionally, article/comment lookups use a null slug in tests (404s), suggesting create/list responses don’t provide a valid slug or state isn’t persisted correctly, which is behavioral rather than missing endpoints."
mini_swe_sdk,qwen3-coder-next,uv,fastapi-openapi-sqlite-sqlalchemy,run_0,schema_format_error,"The server starts and most endpoints return 200 (per logs), but the test suite reports many assertion failures across articles/comments operations, indicating the JSON payloads don’t match the expected RealWorld API schema (e.g., field names like articlesCount vs articles_count, tagList vs tag_list, createdAt/updatedAt casing, etc.). The only clear missing endpoint behavior is /api/articles/feed returning 404, but the dominant failure pattern is response-format mismatches rather than missing routes or startup issues."
mini_swe_sdk,qwen3-coder-next,uv,fastapi-openapi-sqlite-sqlalchemy,run_1,logic_error,"The server starts and most routes exist (200/401/404 responses), but authentication/authorization and resource creation logic is broken: protected endpoints consistently return 401 even after login, and article/comment flows produce null slugs leading to 404s. This indicates incorrect JWT handling and/or request/response model parsing (nested {""user""}/{""article""} bodies), causing state not to be created and subsequent lookups to fail."
mini_swe_sdk,qwen3-coder-next,uv,fastapi-openapi-sqlite-sqlalchemy,run_2,schema_format_error,"The server starts and routes exist, but many POST requests return 422 because FastAPI is validating the wrong request body shape (expects top-level fields like username/email/password instead of nested objects like {""user"": {...}} / {""article"": {...}}). Several 404s (e.g., /api/articles/feed, profiles, comments) also appear, but the dominant failure across core flows is incorrect request/response schema handling causing widespread validation errors."
mini_swe_sdk,qwen3-coder-next,uv,fastapi-openapi-unconstrained,run_0,logic_error,"The server starts and routes respond, but comment creation crashes with a 500 due to application logic/model mismatch: the code assigns `comment.article_slug = slug` even though the Pydantic `Comment` model has no `article_slug` field, causing a ValueError and failing the comment-related tests."
mini_swe_sdk,qwen3-coder-next,uv,fastapi-openapi-unconstrained,run_1,incomplete_implementation,"The server is running and most endpoints work, but key API surface is missing/incorrect: GET /api/articles/feed returns 404 (endpoint not implemented/registered) and PUT /api/user returns 422 validation errors, indicating the update-user request body/schema isn’t implemented to match the expected contract."
mini_swe_sdk,qwen3-coder-next,uv,flask-openapi-clean_architecture-postgres,run_1,server_startup_failure,"The server fails to start due to a missing dependency: `ModuleNotFoundError: No module named 'jwt'` in `auth_service.py`, preventing the Flask app from importing routes/services and causing all API tests to fail."
mini_swe_sdk,qwen3-coder-next,uv,flask-openapi-clean_architecture-postgres,run_2,logic_error,"The server starts and routes exist, but multiple GET endpoints return 500 due to runtime behavior bugs: Flask fails to jsonify ORM objects (e.g., ""TypeError: Object of type UserTable is not JSON serializable""), indicating the handlers/services are returning model instances instead of serializable dicts. Earlier logs also show DB init/migration logic not being executed in the actual server run (UndefinedTable users), further pointing to incorrect startup/runtime logic rather than missing endpoints or schema-only mismatches."
mini_swe_sdk,qwen3-coder-next,uv,flask-openapi-clean_architecture-postgres-sqlalchemy,run_1,logic_error,"The server starts and all endpoints exist (including POST /api/articles/:slug/favorite returning 200), but the single failing test is specifically the Favorite Article POST behavior, indicating the endpoint’s state mutation or returned favorited/favoritesCount logic is incorrect despite the correct route/response presence."
mini_swe_sdk,qwen3-coder-next,uv,flask-openapi-clean_architecture-postgres-sqlalchemy,run_2,logic_error,"The server is running and responding, but core auth logic is broken: registration throws a 500 due to `AuthService` missing `_hash_password`, and many subsequent endpoints return 401/422/404 as a cascade from failed user creation/auth and incorrect slug/route handling (e.g., requests hitting `/api/articles/null`)."
mini_swe_sdk,qwen3-coder-next,uv,flask-openapi-clean_architecture-sqlite,run_0,logic_error,"The server starts and routes exist, but core GET /articles queries crash with an UnboundLocalError in ArticleRepository.get_all (local variable 'Article' referenced before assignment), causing widespread 500s. Additionally, the clean-architecture verifier reports dependency violations, but the primary test failures are due to this runtime logic/implementation bug in the repository layer."
mini_swe_sdk,qwen3-coder-next,uv,flask-openapi-clean_architecture-sqlite,run_1,logic_error,"The server starts and the relevant endpoints exist and return 200, but the Favorite Article and Follow Profile POST tests still fail, indicating incorrect state mutation/relationship handling (e.g., favoriting/following not persisted or wrong favoritesCount/following behavior) rather than missing routes or schema/format issues."
mini_swe_sdk,qwen3-coder-next,uv,flask-openapi-clean_architecture-sqlite,run_2,logic_error,"The server starts and most endpoints work, but specific article listing filters (by author/favorited) crash with a runtime NameError in article_repository.py because User is referenced without being defined/imported, causing 500s for those GET endpoints."
mini_swe_sdk,qwen3-coder-next,uv,flask-openapi-clean_architecture-sqlite-sqlalchemy,run_0,logic_error,"The server starts and routes exist, but requests fail due to runtime database logic/state issues: SQLAlchemy raises `sqlite3.OperationalError: no such table: follows`, indicating migrations/table creation weren’t executed or are inconsistent with the ORM models. The agent also gets stuck deleting the DB file repeatedly instead of fixing initialization/migration, leading to persistent 500/422 failures."
mini_swe_sdk,qwen3-coder-next,uv,flask-openapi-clean_architecture-sqlite-sqlalchemy,run_1,logic_error,"The server starts and most endpoints work, but specific requests trigger 500s due to incorrect SQLAlchemy query logic (e.g., an ambiguous join to Tag causing InvalidRequestError). This is a behavioral/ORM usage bug rather than missing endpoints or a startup/configuration failure."
mini_swe_sdk,qwen3-coder-next,uv,flask-openapi-postgres,run_1,logic_error,"The server starts and routes are present, but requests fail with 422/500 due to a broken SQLAlchemy model configuration: `Article.tags` uses `back_populates='tags'` while `Tag` has no corresponding `tags` relationship, causing mapper initialization to fail and cascading 500s across endpoints."
mini_swe_sdk,qwen3-coder-next,uv,flask-openapi-postgres-sqlalchemy,run_2,logic_error,"The server starts and routes are present, but core behaviors crash at runtime due to missing/incorrect model methods and request handling (e.g., `AttributeError: 'User' object has no attribute 'to_profile_dict'` causing 500s on profile follow/unfollow, and multiple endpoints returning 422/500). This indicates broken application logic rather than missing endpoints or schema-only mismatches."
mini_swe_sdk,qwen3-coder-next,uv,flask-openapi-sqlite,run_1,logic_error,"The server starts and all relevant profile/follow endpoints exist and return 200 per logs, but the specific tests for Profile GET and Follow/Unfollow still fail, indicating incorrect behavior/state handling (e.g., wrong `following` flag, follower relationship not persisted/queried correctly, or auth user resolution issues) rather than missing routes or response formatting."
mini_swe_sdk,qwen3-coder-next,uv,flask-openapi-sqlite-sqlalchemy,run_0,logic_error,"The server starts and most routes exist (many 200s), but authenticated endpoints consistently return 401 after a successful login, indicating broken auth/token handling. Additionally, article/comment lookups hit `/api/articles/null` and return 404, suggesting incorrect slug creation/propagation in the API flow rather than missing endpoints."
mini_swe_sdk,qwen3-coder-next,uv,flask-openapi-unconstrained,run_2,logic_error,"The server starts and most endpoints return 200/201, but the Favorite Article POST test fails, indicating the endpoint exists yet behaves incorrectly (e.g., not properly authenticating/updating favorite state or returning the expected favorited/favoritesCount changes). This is a behavioral bug rather than missing routes or startup issues."
