agent,model,runtime,task,run_id,subcategory,reasoning
mini_swe_sdk,minimax-m2.5,node,express-openapi-clean_architecture-postgres,run_0,database_runtime_error,"Article endpoints crash with Postgres runtime errors because the code queries/inserts an articles.""tagList"" column that is not present in the initialized schema (""column \""tagList\"" does not exist""), causing 500s and cascading failures on dependent operations."
mini_swe_sdk,minimax-m2.5,node,express-openapi-clean_architecture-postgres,run_2,business_logic_defect,"The DELETE /articles/:slug/favorite route exists and the server runs, but it returns 422 on unfavorite, indicating the unfavorite handler’s domain behavior (e.g., removing the favorite relation / handling already-unfavorited state) is implemented incorrectly rather than a routing, auth, or database runtime issue."
mini_swe_sdk,minimax-m2.5,node,express-openapi-clean_architecture-sqlite-sequelize,run_2,incorrect_query_logic,"The only failing feature is filtering articles by `favorited=:username`, which points to the Sequelize query/associations used to select articles favorited by a given user being wrong or missing (e.g., not joining through the favorites table or filtering on the wrong field). Auth and routing work, but the data retrieval logic for the favorited filter does not match the spec, causing all related tests to fail."
mini_swe_sdk,minimax-m2.5,node,express-openapi-postgres,run_0,state_propagation_failure,"The favorite/unfavorite handlers return hardcoded `favorited: false` (and likely don’t recompute/return the updated favorite state), so after POST /api/articles/:slug/favorite the response doesn’t reflect the mutation (favorited=true and updated favoritesCount), causing the Favorite Article POST behavioral test to fail despite routes/auth working."
mini_swe_sdk,minimax-m2.5,node,express-openapi-postgres-sequelize,run_1,incorrect_query_logic,"The failing cases are all list/filter endpoints (GET /articles with author/tag/favorited variants) and profile lookups, while auth and basic CRUD work in manual checks. This points to incorrect Sequelize query construction for filtering/joining (e.g., author username, tag association, favorited-by join) and/or profile username lookup/validation, causing wrong results or 422s despite routes existing."
mini_swe_sdk,minimax-m2.5,node,express-openapi-sqlite,run_0,incorrect_query_logic,"The only failing behavior is filtering articles by `favorited=:username`, which indicates the SQL join/filter that maps favorites to the user who favorited (via favorites table + users lookup) is incorrect or missing. Auth and routing work (other endpoints including favoriting succeed), so the upstream root cause is the favorited-by-username query logic."
mini_swe_sdk,minimax-m2.5,node,fastify-openapi-clean_architecture,run_0,framework_idiosyncrasy,"Fastify rejects requests with Content-Type: application/json when the body is empty (FST_ERR_CTP_EMPTY_JSON_BODY), causing POST /api/articles/:slug/favorite to return 400 even though the route exists. This framework-specific content-type/body parsing behavior breaks favoriting and cascades into favorited-by filtering test failures."
mini_swe_sdk,minimax-m2.5,node,fastify-openapi-clean_architecture,run_1,framework_idiosyncrasy,"Fastify is attempting to parse an empty request body as JSON on POST /api/articles/:slug/favorite, triggering its content-type parser to throw ""Unexpected end of JSON input"" and return 500. The upstream issue is framework-specific request parsing configuration/handling for empty-body JSON requests on favorite/follow-style endpoints."
mini_swe_sdk,minimax-m2.5,node,fastify-openapi-clean_architecture,run_2,framework_idiosyncrasy,"The primary failure is Fastify rejecting the empty request body on POST /api/articles/:slug/favorite with FST_ERR_CTP_EMPTY_JSON_BODY, meaning the route/content-type parsing is misconfigured to expect JSON for a bodyless endpoint. This framework-specific behavior causes the 400s and blocks favoriting-related test flows."
mini_swe_sdk,minimax-m2.5,node,fastify-openapi-clean_architecture-postgres,run_0,incorrect_query_logic,"Multiple GET /api/articles variants (author/tag/favorited filters) consistently return 500, indicating the article listing/filtering SQL/ORM logic is broken (e.g., incorrect joins/where clauses for these filters). The Fastify empty-JSON-body 400 on favorite is a separate framework quirk, but the dominant upstream cause of the failing suite is the incorrect article query/filter implementation."
mini_swe_sdk,minimax-m2.5,node,fastify-openapi-clean_architecture-postgres,run_2,framework_idiosyncrasy,"Fastify’s default JSON content-type parser rejects requests with Content-Type: application/json and an empty body (FST_ERR_CTP_EMPTY_JSON_BODY), causing POST /api/articles/:slug/favorite to return 400 despite the route existing. This framework-specific behavior prevents favoriting from succeeding and cascades into failures for favorited-by filtering tests."
mini_swe_sdk,minimax-m2.5,node,fastify-openapi-clean_architecture-postgres-sequelize,run_0,framework_idiosyncrasy,"Fastify throws FST_ERR_CTP_EMPTY_JSON_BODY when a request sets Content-Type: application/json but has an empty body; the favorite endpoint is implemented in a way that triggers JSON body parsing/validation even though the spec/tests send an empty body, causing 400s and cascading favorited-article test failures."
mini_swe_sdk,minimax-m2.5,node,fastify-openapi-clean_architecture-postgres-sequelize,run_1,framework_idiosyncrasy,"Fastify’s default JSON content-type parser rejects requests with `Content-Type: application/json` and an empty body, causing POST /api/articles/:slug/favorite to return `FST_ERR_CTP_EMPTY_JSON_BODY` (400) even though the route exists. This upstream framework behavior breaks favoriting and cascades into favorited-by-username expectations."
mini_swe_sdk,minimax-m2.5,node,fastify-openapi-clean_architecture-postgres-sequelize,run_2,framework_idiosyncrasy,"Fastify rejects requests with Content-Type: application/json when the body is empty, throwing FST_ERR_CTP_EMPTY_JSON_BODY; the favorite endpoint is being hit with an empty JSON body by the tests, causing 400s and preventing favorites from being recorded, which then cascades into incorrect favorited-by-username listing results."
mini_swe_sdk,minimax-m2.5,node,fastify-openapi-clean_architecture-sqlite,run_1,framework_idiosyncrasy,"Fastify rejects requests with Content-Type: application/json when the body is empty (FST_ERR_CTP_EMPTY_JSON_BODY), causing the RealWorld favorite endpoint (which sends no body) to fail with 400 despite correct routing. This upstream framework parsing/config issue drives the bulk of the observed failures."
mini_swe_sdk,minimax-m2.5,node,fastify-openapi-clean_architecture-sqlite,run_2,framework_idiosyncrasy,"Fastify’s default JSON content-type parser rejects requests with Content-Type: application/json and an empty body (FST_ERR_CTP_EMPTY_JSON_BODY), causing POST /api/articles/:slug/favorite to return 400 even though the route exists and logic is otherwise fine. This framework-specific behavior breaks the test suite which sends an empty body for favorite/unfavorite."
mini_swe_sdk,minimax-m2.5,node,fastify-openapi-clean_architecture-sqlite-sequelize,run_0,framework_idiosyncrasy,"Fastify’s default JSON content-type parser rejects requests with `Content-Type: application/json` and an empty body, causing POST `/api/articles/:slug/favorite` to return `FST_ERR_CTP_EMPTY_JSON_BODY` (400). The route (or global parser config) incorrectly triggers JSON body parsing for an endpoint that should accept an empty body, cascading into favorited-filter test failures."
mini_swe_sdk,minimax-m2.5,node,fastify-openapi-clean_architecture-sqlite-sequelize,run_1,framework_idiosyncrasy,"Fastify is rejecting POST /api/articles/:slug/favorite with 400 FST_ERR_CTP_EMPTY_JSON_BODY because the client sends Content-Type: application/json with an empty body; the route/JSON parser setup wasn’t configured to allow empty JSON bodies for bodyless endpoints, causing the primary failure."
mini_swe_sdk,minimax-m2.5,node,fastify-openapi-clean_architecture-sqlite-sequelize,run_2,framework_idiosyncrasy,"Fastify is configured to parse requests with Content-Type: application/json and rejects empty bodies, causing POST /api/articles/:slug/favorite to return 400 (FST_ERR_CTP_EMPTY_JSON_BODY) even though the spec expects no request body. This upstream framework parsing/config issue prevents favoriting and cascades into failures for favorited-by-username queries."
mini_swe_sdk,minimax-m2.5,node,fastify-openapi-postgres,run_0,framework_idiosyncrasy,"The primary failure is Fastify’s default JSON content-type parser rejecting requests with `Content-Type: application/json` but an empty body, causing POST /articles/:slug/favorite to return 400 (FST_ERR_CTP_EMPTY_JSON_BODY) under the test harness. This framework-specific behavior breaks favoriting and cascades into favorited-filter tests."
mini_swe_sdk,minimax-m2.5,node,fastify-openapi-postgres,run_1,framework_idiosyncrasy,"Fastify rejects requests with Content-Type: application/json when the body is empty (FST_ERR_CTP_EMPTY_JSON_BODY), causing POST /api/articles/:slug/favorite to return 400 despite correct routing. This framework-specific parsing behavior prevents favoriting and cascades into failing favorited-articles filtering tests."
mini_swe_sdk,minimax-m2.5,node,fastify-openapi-postgres,run_2,framework_idiosyncrasy,"Fastify's default JSON content-type parser rejects requests with Content-Type: application/json when the body is empty (FST_ERR_CTP_EMPTY_JSON_BODY), but the RealWorld favorite/unfavorite endpoints are specified to accept no body. This framework-specific parsing behavior causes POST /articles/:slug/favorite to return 400 and cascades into favorited-filter test failures."
mini_swe_sdk,minimax-m2.5,node,fastify-openapi-postgres-sequelize,run_0,framework_idiosyncrasy,"The primary failure is Fastify’s default JSON content-type parser rejecting requests with `Content-Type: application/json` and an empty body, causing POST /api/articles/:slug/favorite to return FST_ERR_CTP_EMPTY_JSON_BODY (400) even though the spec expects no body. This framework-specific behavior is the upstream cause of the large block of favorite-related test failures."
mini_swe_sdk,minimax-m2.5,node,fastify-openapi-postgres-sequelize,run_1,database_runtime_error,"The 500s are caused by Sequelize runtime EagerLoadingError exceptions when executing queries with `include` due to ambiguous/mismatched association aliases (User↔Article defined multiple times without consistent `as`, and Comment include uses `author` alias not matching the association). This is an ORM association configuration/usage error that crashes at query time rather than a spec-level logic mismatch."
mini_swe_sdk,minimax-m2.5,node,fastify-openapi-sqlite,run_0,framework_idiosyncrasy,"The primary failure is Fastify's default JSON content-type parser rejecting requests with `Content-Type: application/json` but an empty body, causing POST /api/articles/:slug/favorite to return 400 (FST_ERR_CTP_EMPTY_JSON_BODY) even though the endpoint should accept an empty body per the spec/tests."
mini_swe_sdk,minimax-m2.5,node,fastify-openapi-sqlite,run_1,framework_idiosyncrasy,"The primary failure is Fastify rejecting the favorite POST because the client sends Content-Type: application/json with an empty body, triggering FST_ERR_CTP_EMPTY_JSON_BODY (400). This framework-specific body parser behavior breaks an endpoint that should accept no request body per the spec, causing the bulk of test failures."
mini_swe_sdk,minimax-m2.5,node,fastify-openapi-sqlite,run_2,framework_idiosyncrasy,"Fastify is rejecting POST /api/articles/:slug/favorite with Content-Type: application/json and an empty body (FST_ERR_CTP_EMPTY_JSON_BODY), causing 400s; this framework-specific empty-JSON parsing behavior must be configured/handled for bodyless favorite requests, and it blocks favoriting-dependent tests."
mini_swe_sdk,minimax-m2.5,node,fastify-openapi-sqlite-sequelize,run_0,framework_idiosyncrasy,"Fastify’s default JSON content-type parser rejects requests with `Content-Type: application/json` and an empty body, throwing `FST_ERR_CTP_EMPTY_JSON_BODY` and returning 400 on `POST /api/articles/:slug/favorite` (tests send an empty JSON body). This framework-specific behavior is the upstream cause of the favoriting failures; other downstream article-listing assertions then fail because favorites can’t be created."
mini_swe_sdk,minimax-m2.5,node,fastify-openapi-sqlite-sequelize,run_1,framework_idiosyncrasy,"Fastify’s default JSON content-type parser rejects requests with Content-Type: application/json and an empty body, causing POST /api/articles/:slug/favorite to throw FST_ERR_CTP_EMPTY_JSON_BODY and return 400 even though the RealWorld spec sends an empty body. This framework-specific behavior is the upstream cause of the favorite endpoint failures."
mini_swe_sdk,minimax-m2.5,node,fastify-openapi-sqlite-sequelize,run_2,framework_idiosyncrasy,"The primary failure is Fastify rejecting requests with `Content-Type: application/json` but an empty body (FST_ERR_CTP_EMPTY_JSON_BODY), causing the favorite endpoint to return 400 even though it should accept an empty body. This framework-specific parsing behavior breaks a large portion of the test suite upstream of other issues."
mini_swe_sdk,minimax-m2.5,node,fastify-openapi-unconstrained,run_0,framework_idiosyncrasy,"Fastify rejects requests with `Content-Type: application/json` when the body is empty, producing `FST_ERR_CTP_EMPTY_JSON_BODY` and causing the favorite/follow POST endpoints to return 400 instead of succeeding without a body. This framework-specific parsing behavior is the upstream cause of the observed POST failures."
mini_swe_sdk,minimax-m2.5,node,fastify-openapi-unconstrained,run_1,framework_idiosyncrasy,"Fastify rejects requests with Content-Type: application/json when the body is empty, causing POST /api/articles/:slug/favorite to return FST_ERR_CTP_EMPTY_JSON_BODY (400) even though the RealWorld spec sends an empty body. This framework-specific parsing behavior is the upstream cause of the favorite failures."
mini_swe_sdk,minimax-m2.5,node,fastify-openapi-unconstrained,run_2,framework_idiosyncrasy,"Fastify’s default JSON content-type parser rejects requests with Content-Type: application/json when the body is empty (FST_ERR_CTP_EMPTY_JSON_BODY), so the POST /api/articles/:slug/favorite route returns 400 even though the endpoint exists and logic is otherwise reachable."
mini_swe_sdk,minimax-m2.5,uv,aiohttp-openapi-clean_architecture,run_1,business_logic_defect,"The server and routes work and auth appears functional (Token header accepted, article creation succeeds), but the Favorite Article POST behavior does not match the spec—most likely the handler/service returns the wrong status/response shape or fails to correctly toggle favorited/favoritesCount for the given slug, causing the 200 expectation to fail."
mini_swe_sdk,minimax-m2.5,uv,aiohttp-openapi-clean_architecture,run_2,database_runtime_error,"GET /api/articles fails with a runtime NameError in repositories/data_store.py:get_articles due to referencing an undefined variable 'slug', causing the handler to crash and return 500 for all article listing/filtering requests."
mini_swe_sdk,minimax-m2.5,uv,aiohttp-openapi-clean_architecture-postgres,run_2,database_runtime_error,"PUT /api/articles triggers an asyncpg IndeterminateDatatypeError due to constructing an UPDATE query with untyped/NULL parameters (e.g., using $1::? or COALESCE with None) so Postgres cannot infer the parameter type. This is a runtime DB driver/type-binding failure in asyncpg parameterization rather than an auth or spec-level logic issue."
mini_swe_sdk,minimax-m2.5,uv,aiohttp-openapi-clean_architecture-postgres-sqlalchemy,run_1,state_propagation_failure,"Many handlers assume required path params (e.g., comment id, article slug) are present and valid, but downstream requests are hitting routes with 'null' identifiers (e.g., /api/articles/null, comment id 'null'), causing int() parsing failures and 422s. This indicates earlier create/list responses are not correctly generating/returning or propagating the created resource identifiers (slug/id), leading to cascading failures across dependent endpoints."
mini_swe_sdk,minimax-m2.5,uv,aiohttp-openapi-clean_architecture-sqlite,run_1,incorrect_query_logic,"The /api/articles?favorited=<username> handler builds a SQL query that references a non-existent column alias (fu.username) in SQLite, indicating the favorited-by-username join/filter is written incorrectly. Auth and routing work; the 500s are caused by the malformed query logic."
mini_swe_sdk,minimax-m2.5,uv,aiohttp-openapi-clean_architecture-sqlite-sqlalchemy,run_0,database_runtime_error,"The 500s are caused by SQLAlchemy async runtime misuse: the stack trace shows `sqlalchemy.exc.MissingGreenlet`, meaning DB I/O (often via sync engine/session usage or lazy-loading) is being triggered outside the required async greenlet context, crashing feed/profile/follow handlers at execution time."
mini_swe_sdk,minimax-m2.5,uv,aiohttp-openapi-clean_architecture-sqlite-sqlalchemy,run_1,database_runtime_error,"The primary failure is SQLAlchemy session/ORM misuse: handlers/repositories access lazy-loaded relationships (e.g., follower.following) after the instance is detached from its Session, triggering DetachedInstanceError and cascading 500s. This is a runtime ORM/session lifecycle problem (missing eager loading or incorrect session scoping), not an endpoint/query-spec mismatch."
mini_swe_sdk,minimax-m2.5,uv,aiohttp-openapi-postgres,run_1,incorrect_query_logic,"The 500s are caused by malformed SQL generated in get_articles when applying the favorited-by-username filter: the count_query is constructed with broken dollar-quoting (""unterminated dollar-quoted string""), so asyncpg raises a PostgresSyntaxError. Auth and routing work; the failure is specifically incorrect query construction for that filter path."
mini_swe_sdk,minimax-m2.5,uv,aiohttp-openapi-postgres,run_2,database_runtime_error,"Public endpoints like GET /api/articles crash with asyncpg InterfaceError 'cannot perform operation: another operation is in progress', which indicates incorrect asyncpg connection/pool lifecycle (reusing a connection concurrently or not awaiting/closing operations properly). This DB concurrency misuse is the upstream cause of the 500s, independent of the separate 401/422 issues."
mini_swe_sdk,minimax-m2.5,uv,aiohttp-openapi-postgres-sqlalchemy,run_1,database_runtime_error,"The PUT /api/articles/:slug handler is triggering an unhandled SQLAlchemy async/session lifecycle error during the update+commit path, causing a 500 while other endpoints and queries work. This points to incorrect ORM runtime usage in that specific mutation flow (e.g., session/transaction handling or accessing ORM attributes after commit/rollback), not routing/auth/query semantics."
mini_swe_sdk,minimax-m2.5,uv,aiohttp-openapi-postgres-sqlalchemy,run_2,database_runtime_error,"The primary failure is runtime DB errors from missing schema: SQLAlchemy/asyncpg raises UndefinedTableError (e.g., relation ""tags"" does not exist), indicating migrations/table creation were not executed before handling requests, causing widespread 500s across data-backed endpoints."
mini_swe_sdk,minimax-m2.5,uv,aiohttp-openapi-sqlite,run_2,auth_misconfiguration,"The implementation’s auth handling does not match the RealWorld spec (e.g., token issuance/return and Authorization parsing), evidenced by authenticated responses returning an empty token and widespread failures on login/current-user and all auth-dependent endpoints. This upstream auth mismatch cascades into failures across articles/feed/favorites/profiles/comments that rely on correct user identity."
mini_swe_sdk,minimax-m2.5,uv,aiohttp-openapi-sqlite-sqlalchemy,run_2,business_logic_defect,"The PUT /api/user handler is rejecting valid update payloads with a 422, which points to incorrect request validation/update semantics (e.g., treating optional fields as required or mishandling allowed fields) rather than routing, auth, or database runtime failures."
mini_swe_sdk,minimax-m2.5,uv,aiohttp-openapi-unconstrained,run_1,incorrect_query_logic,"The failing tests are specifically for /api/articles filtering by author and favorited while the endpoints return 200, indicating the handlers run but apply the wrong filtering criteria (e.g., comparing against the wrong field like user_id vs username or not joining/consulting the favorites mapping correctly) rather than an auth, framework, or runtime DB issue."
mini_swe_sdk,minimax-m2.5,uv,fastapi-openapi-clean_architecture,run_0,incorrect_query_logic,"The failing tests are specifically for GET /api/articles?favorited=<username> returning 200 but not correctly filtering to only articles favorited by that user. Since auth succeeds and routes respond, the upstream issue is the repository/service query logic for the favorited filter (e.g., not joining/looking up the target user’s favorites set or applying the filter at all)."
mini_swe_sdk,minimax-m2.5,uv,fastapi-openapi-clean_architecture-postgres,run_2,auth_misconfiguration,"The upstream failure is in the authentication/password subsystem: registration crashes inside passlib/bcrypt (ValueError about passwords >72 bytes), preventing valid users/tokens from being created and causing cascading 401s on login and all auth-protected flows. The widespread 401/422s are downstream effects of broken credential handling rather than missing routes or query logic."
mini_swe_sdk,minimax-m2.5,uv,fastapi-openapi-clean_architecture-sqlite-sqlalchemy,run_0,state_propagation_failure,"Article creation returns an invalid/null slug, so subsequent operations use /api/articles/null and FastAPI rejects the path parameter with 422. The upstream defect is that the slug is not being generated/persisted and returned correctly from the create-article flow, causing cascading failures across get/update/favorite/comment endpoints."
mini_swe_sdk,minimax-m2.5,uv,fastapi-openapi-clean_architecture-sqlite-sqlalchemy,run_1,auth_misconfiguration,"The upstream failure is broken auth/credential handling: registration crashes in passlib/bcrypt (72-byte limit) preventing user creation and token issuance, and subsequent requests consistently return 401 due to invalid/missing tokens. The later 500s/422s are cascading effects of not being able to authenticate and establish valid user state."
mini_swe_sdk,minimax-m2.5,uv,fastapi-openapi-clean_architecture-sqlite-sqlalchemy,run_2,auth_misconfiguration,"Only the follow/unfollow profile endpoints consistently return 401 while other authenticated endpoints (e.g., /api/user, article favorite) succeed, indicating those routes are wired to the wrong/missing auth dependency or parse a different Authorization header format than the rest of the app."
mini_swe_sdk,minimax-m2.5,uv,fastapi-openapi-postgres,run_0,auth_misconfiguration,"Public GET endpoints are incorrectly protected by the auth dependency/middleware (e.g., a global dependency or required APIKeyHeader), causing 401 responses where the spec expects anonymous access. This upstream permission configuration error cascades to all unauthenticated article/comment listing tests."
mini_swe_sdk,minimax-m2.5,uv,fastapi-openapi-postgres-sqlalchemy,run_0,database_runtime_error,"The primary failure is a runtime SQLAlchemy misuse: endpoints call db.query(Article) where Article is a Pydantic schema (schemas.Article) instead of a SQLAlchemy model, triggering sqlalchemy.exc.ArgumentError and causing widespread 500s. The 422s on auth endpoints are secondary request-schema mismatches, but the upstream root cause of the systemic failures is the ORM runtime error."
mini_swe_sdk,minimax-m2.5,uv,fastapi-openapi-sqlite-sqlalchemy,run_0,auth_misconfiguration,"Authenticated endpoints consistently return 401 even after successful login/register, indicating the server is not accepting the test suite’s Authorization header/token format (e.g., expecting a different scheme or parsing the header incorrectly). The subsequent /api/articles/null 422s are a cascade from failing to create an article due to the auth failure, not the primary issue."
mini_swe_sdk,minimax-m2.5,uv,fastapi-openapi-sqlite-sqlalchemy,run_2,incorrect_query_logic,"The feed endpoint builds an invalid SQLAlchemy filter by dereferencing a relationship attribute (DBArticle.author.username) without joining/using the related User model, causing an AttributeError and 500s. Auth and routing work; the failure is in the query construction for the feed."
mini_swe_sdk,qwen3-coder-next,node,express-openapi-clean_architecture-postgres,run_1,incorrect_query_logic,"Multiple failures are concentrated in GET /articles listing variants (all, by author, by tag, favorited, with/without auth) while core CRUD works, pointing to broken filtering/pagination and/or incorrect joins/subqueries for author/tag/favorited and favorited/following flags rather than routing, auth, or DB runtime crashes."
mini_swe_sdk,qwen3-coder-next,node,express-openapi-clean_architecture-sqlite,run_1,state_propagation_failure,"Updating an article appears to regenerate or otherwise change the slug, but the updated slug is not reliably returned/used and subsequent operations still target the old slug, leading to cascading ""Article not found"" on favorite/delete/comment. Similarly, the user update response drops required fields (email/username), indicating updated state isn’t being fully propagated back in responses."
mini_swe_sdk,qwen3-coder-next,node,express-openapi-clean_architecture-sqlite-sequelize,run_1,incorrect_query_logic,"The failing cases center on tag filtering and favorited-by username article listing returning incorrect results, which points to broken Sequelize query construction/associations (joins/where clauses) rather than missing routes or auth. The 422s on favorite/follow are likely downstream of the same data-layer lookup/association logic (e.g., failing to find target article/profile due to incorrect query/identifier handling), causing validation-style errors."
mini_swe_sdk,qwen3-coder-next,node,express-openapi-clean_architecture-sqlite-sequelize,run_2,incorrect_query_logic,"The favorite/unfavorite flow fails with ""Article not found"" even though the slug is returned by /api/articles, indicating the slug lookup query (or its include/association constraints) is incorrectly filtering out existing rows. The repeated 422s on tag and favorited-by filters further point to broken Sequelize query/association logic rather than auth or runtime DB crashes."
mini_swe_sdk,qwen3-coder-next,node,express-openapi-postgres,run_1,incorrect_query_logic,"All article-related GET endpoints fail with a Postgres bind error (""bind message supplies 3 parameters, but prepared statement requires 1""), indicating the SQL is being constructed/executed with a mismatched number of placeholders vs. provided parameters (e.g., reusing a prepared statement name or building dynamic WHERE clauses incorrectly). Auth and routing work, but the query parameterization logic is wrong and causes 422s."
mini_swe_sdk,qwen3-coder-next,node,express-openapi-postgres-sequelize,run_0,database_runtime_error,"GET /api/articles/feed fails with a runtime ReferenceError (""Follow is not defined""), indicating the code is using a missing/undefined Sequelize model/association for follows when building the feed query, causing a 500 despite routes and auth working."
mini_swe_sdk,qwen3-coder-next,node,express-openapi-sqlite,run_0,incorrect_query_logic,"The /api/articles/feed handler is executing the wrong retrieval logic: it returns a 404-style ""Article not found"" error payload when the feed should return an empty list, indicating the feed SQL/query path is incorrectly written/filtered. The repeated 422s for ""articles by author"" further point to broken query/parameter handling for author filtering rather than routing, auth, or DB runtime failures."
mini_swe_sdk,qwen3-coder-next,node,express-openapi-sqlite,run_1,incorrect_query_logic,"The article listing/feed handlers build response objects without including the article id, yet later run tag lookups using `article.id`, causing undefined/invalid tag queries and triggering the generic 422 error path (and other list variants likely have similar mapping/query mistakes like hardcoded `following: true`). This is upstream of the observed wrong feed behavior and widespread list assertion failures."
mini_swe_sdk,qwen3-coder-next,node,express-openapi-sqlite,run_2,incorrect_query_logic,"The failing endpoints execute SQL that filters on `u.username` without joining the users table (alias `u`), producing SQLite runtime errors (`no such column: u.username`) and resulting 422 responses for author-filtered article queries."
mini_swe_sdk,qwen3-coder-next,node,express-openapi-sqlite-sequelize,run_0,state_propagation_failure,"Article creation fails with a notNull violation because the slug is never generated/set during create, so the primary identifier needed for subsequent slug-based routes is missing. This upstream failure prevents articles from being created and cascades into 404s for get/update/favorite/comment operations that depend on the slug."
mini_swe_sdk,qwen3-coder-next,node,express-openapi-sqlite-sequelize,run_2,database_runtime_error,"Requests crash due to a SequelizeEagerLoadingError (""Tag is not associated to ArticleTag!"") triggered by invalid/missing model associations used in eager-loading includes. This is a runtime ORM configuration/association error that terminates the process and cascades into widespread endpoint failures."
mini_swe_sdk,qwen3-coder-next,node,fastify-openapi-clean_architecture,run_0,framework_idiosyncrasy,"Fastify is rejecting requests with `Content-Type: application/json` but an empty body, throwing `FST_ERR_CTP_EMPTY_JSON_BODY` and causing 400/422-style failures on endpoints like feed/listing that tests call without a body. This framework-specific content-type parsing behavior is the upstream cause of the widespread mismatches, independent of the underlying article query logic."
mini_swe_sdk,qwen3-coder-next,node,fastify-openapi-clean_architecture,run_1,auth_misconfiguration,"Protected endpoints intermittently return 401 ""Invalid token"" because authentication is implemented via an in-memory token lookup (findByToken) rather than a verifiable/persisted token mechanism, so tokens are not reliably recognized across requests/server lifecycle. This upstream auth failure cascades into article update/favorite/unfavorite and favorited-filter flows failing."
mini_swe_sdk,qwen3-coder-next,node,fastify-openapi-clean_architecture,run_2,auth_misconfiguration,"The dominant failure pattern is widespread 401s on endpoints that should succeed with a valid Authorization header, indicating the auth middleware/token parsing/validation is misconfigured (e.g., wrong header scheme or verification), which then cascades into downstream 404/500 behaviors when authenticated state is missing."
mini_swe_sdk,qwen3-coder-next,node,fastify-openapi-clean_architecture-postgres,run_0,auth_misconfiguration,"The 422s stem from handlers expecting an authenticated user but receiving none (e.g., ""Cannot read properties of undefined (reading 'id')"" when accessing req.user.id), indicating the auth middleware is not correctly parsing/validating the Authorization header or not attaching the user to the request. This upstream auth context failure then causes null slugs/ids and cascading 422s on dependent endpoints (follow/comment/favorite)."
mini_swe_sdk,qwen3-coder-next,node,fastify-openapi-clean_architecture-postgres,run_1,framework_idiosyncrasy,"Fastify rejects requests with an empty JSON body by default (FST_ERR_CTP_EMPTY_JSON_BODY). The RealWorld favorite/unfavorite endpoints are POST/DELETE with no body, so Fastify returns 400 even though the route exists and auth may be fine, causing all Favorite Article POST tests to fail."
mini_swe_sdk,qwen3-coder-next,node,fastify-openapi-clean_architecture-postgres,run_2,auth_misconfiguration,"A global Fastify preHandler auth hook is enforcing authentication on endpoints that should be public (e.g., GET /api/articles with filters and GET /api/articles/:slug/comments), leading to widespread 401s and cascading 422/400 failures. The upstream issue is incorrect route-guard/auth middleware scoping rather than query or business logic."
mini_swe_sdk,qwen3-coder-next,node,fastify-openapi-clean_architecture-postgres-sequelize,run_0,incorrect_query_logic,"Most failures are 422/400 on list/feed/profile/follow/favorite flows, indicating request/query handling is rejecting valid filter parameters or building the wrong Sequelize queries. The empty `author` object despite correct `author_id` in Postgres strongly suggests the Article->User association is not being correctly included/serialized (e.g., wrong include alias/attributes), which is a data retrieval/query construction issue rather than auth or runtime DB crashes."
mini_swe_sdk,qwen3-coder-next,node,fastify-openapi-clean_architecture-postgres-sequelize,run_1,incorrect_query_logic,"Slug-based article endpoints are executing a query path that treats the :slug route param as an integer (Postgres ""invalid input syntax for type integer""), so lookups/favorite/comment operations fail despite routes existing. This indicates the handler/service is ultimately querying by numeric id (or casting the param) instead of using the slug column for these endpoints."
mini_swe_sdk,qwen3-coder-next,node,fastify-openapi-clean_architecture-sqlite,run_0,incorrect_query_logic,"After successfully favoriting an article (favoritesCount increments and the favorite filter returns the article), the articles list still returns the same article with isFavorited=0/favorited=false, indicating the list/query that computes per-user favorited state is missing/incorrectly joining against the favorites table or not parameterizing by the current user."
mini_swe_sdk,qwen3-coder-next,node,fastify-openapi-clean_architecture-sqlite,run_1,business_logic_defect,"The API responds but violates RealWorld semantics: favoriting increments favoritesCount yet returns favorited:false for the authenticated user, and favorite/unfavorite endpoints return incorrect status codes (400/422) despite routes existing. This indicates the core domain logic/response shaping (favorited flag, counts, and error/status handling) is implemented incorrectly rather than an auth, DB runtime, or routing issue."
mini_swe_sdk,qwen3-coder-next,node,fastify-openapi-clean_architecture-sqlite,run_2,auth_misconfiguration,"Public endpoints like GET /api/articles with tag/author/favorited filters are incorrectly protected by the auth hook, causing 401s where the spec expects 200; this upstream auth enforcement error cascades into many core article-list test failures, outweighing the separate comment repository crash."
mini_swe_sdk,qwen3-coder-next,node,fastify-openapi-clean_architecture-sqlite-sequelize,run_0,auth_misconfiguration,"Authenticated article actions (favorite/unfavorite, update) incorrectly reject a valid `Authorization: Token <token>` header as missing, indicating the auth header parsing/middleware is misconfigured on those routes. This upstream auth failure cascades into many 401/400/422 results across article-related endpoints."
mini_swe_sdk,qwen3-coder-next,node,fastify-openapi-clean_architecture-sqlite-sequelize,run_2,framework_idiosyncrasy,"Fastify rejects requests with an empty JSON body by default (FST_ERR_CTP_EMPTY_JSON_BODY), which commonly breaks Conduit’s favorite/unfavorite and follow/unfollow endpoints that send an empty body, causing 400/422 responses even though routes exist. The tag/favorited listing failures are likely downstream of favorites not being created due to these rejected requests."
mini_swe_sdk,qwen3-coder-next,node,fastify-openapi-postgres,run_0,framework_idiosyncrasy,"Fastify’s default JSON content-type parser rejects requests with `Content-Type: application/json` and an empty body, producing `FST_ERR_CTP_EMPTY_JSON_BODY` and a 400 on `POST /api/articles/:slug/favorite`, but the Conduit spec sends an empty body for favorite/unfavorite. This framework-specific parsing behavior is the upstream cause of the favoriting failures (and cascades into favorited-by filtering tests)."
mini_swe_sdk,qwen3-coder-next,node,fastify-openapi-postgres,run_1,incorrect_query_logic,"The articles listing queries pass Fastify querystring values for limit/offset directly into SQL parameters, so Postgres receives them as text and throws ""argument of LIMIT must be type bigint, not type text"". This upstream parameter typing/casting bug breaks article filtering/listing and cascades into favoriting-related tests that depend on those list endpoints."
mini_swe_sdk,qwen3-coder-next,node,fastify-openapi-postgres,run_2,incorrect_query_logic,"Article/favorite endpoints are binding the wrong values/types into SQL parameters (e.g., using the literal string ""user"" where an integer user_id is required), triggering Postgres 22P02 invalid input syntax for type integer and causing 400/422 responses on favoriting and filtered article listings."
mini_swe_sdk,qwen3-coder-next,node,fastify-openapi-postgres-sequelize,run_0,auth_misconfiguration,"@fastify/jwt is configured to only accept `Authorization: Bearer <token>`, but the client/tests send `Authorization: Token <token>`, triggering `FST_JWT_BAD_REQUEST` and leaving `request.user`/decoded claims null, which then cascades into 500s across authenticated and dependent endpoints."
mini_swe_sdk,qwen3-coder-next,node,fastify-openapi-postgres-sequelize,run_1,auth_misconfiguration,"The dominant failure pattern is widespread 401s across endpoints that require authentication (current user, update user, create/update article, feed, follow, comment), indicating the JWT/auth middleware is not correctly accepting the test suite’s Authorization header/token format or user resolution. The additional 404/500s are likely downstream effects from requests that should have been authenticated/created state but were blocked by the auth layer."
mini_swe_sdk,qwen3-coder-next,node,fastify-openapi-postgres-sequelize,run_2,incorrect_query_logic,"The dominant upstream failure is malformed Sequelize WHERE construction for Postgres ARRAY fields (e.g., tag filtering), triggering `TypeError: values.map is not a function` in `GET /api/articles` and causing widespread 422/500s. While `/api/articles/feed` returning 401 indicates an auth gating issue, the logged runtime errors and the bulk of failing cases are driven by incorrect query/filter logic."
mini_swe_sdk,qwen3-coder-next,node,fastify-openapi-sqlite,run_0,incorrect_query_logic,"The primary failure is an invalid SQL query used for article listing/filtering that references an alias/column (u.username) not present in the FROM/JOIN clauses, causing SQLITE_ERROR and cascading 500s across article-related endpoints."
mini_swe_sdk,qwen3-coder-next,node,fastify-openapi-sqlite,run_1,incorrect_query_logic,"The failing endpoints are building invalid SQL for SQLite (wrong table aliases/joins and column references like `articles_users.username` and `articles.author_id`), causing query-time errors and 422/400 responses. Auth and routing work, but the article filtering/favoriting behavior is broken due to incorrect query construction."
mini_swe_sdk,qwen3-coder-next,node,fastify-openapi-sqlite,run_2,auth_misconfiguration,"Authenticated endpoints like /api/articles/feed and PUT /api/articles/:slug crash because request.user is undefined, meaning the auth preHandler/hook is not reliably running or not attaching the decoded user to the request for protected routes. This broken user propagation is the upstream cause of the 500s and cascades into other authenticated article operations behaving incorrectly."
mini_swe_sdk,qwen3-coder-next,node,fastify-openapi-sqlite-sequelize,run_0,business_logic_defect,"Multiple endpoints crash due to handler-level JavaScript logic errors (e.g., feed route throws ""Assignment to constant variable"" and unfavorite reads req.user.username when req.user is undefined), indicating incorrect request/state handling in route implementations rather than auth, query formulation, or DB runtime/migration issues."
mini_swe_sdk,qwen3-coder-next,node,fastify-openapi-sqlite-sequelize,run_1,auth_misconfiguration,"The widespread failures starting from register/login/current-user strongly suggest the JWT/auth contract doesn’t match the test suite (e.g., wrong Authorization header parsing/format, token payload/claim expectations, or middleware behavior), causing most authenticated flows and downstream endpoints to fail even though routes exist and manual curl tests appear to work."
mini_swe_sdk,qwen3-coder-next,node,fastify-openapi-sqlite-sequelize,run_2,database_runtime_error,"Multiple endpoints 500 due to Sequelize generating SQL that references non-existent columns (e.g., `Comment.articleId`), indicating the ORM model/association definitions don’t match the actual SQLite schema. This schema/association mismatch triggers runtime DatabaseErrors and cascades into related logic (e.g., missing included author leading to undefined in serialization)."
mini_swe_sdk,qwen3-coder-next,node,fastify-openapi-unconstrained,run_0,framework_idiosyncrasy,"Fastify rejects requests with an empty JSON body when a JSON content-type is implied/required, which commonly causes the RealWorld favorite endpoint (POST /articles/:slug/favorite with no body) to return 400 (e.g., FST_ERR_CTP_EMPTY_JSON_BODY) even though the route exists and works when manually tested without triggering that parser path."
mini_swe_sdk,qwen3-coder-next,node,fastify-openapi-unconstrained,run_1,incorrect_query_logic,"The failing behaviors cluster around article update and favoriting: PUT /articles returning 500 and favorited-by-username listings returning incorrect results indicate the article/favorite persistence and retrieval queries (e.g., updating by slug/author, joining favorites to filter by username) are implemented incorrectly, rather than an auth or framework-level issue."
mini_swe_sdk,qwen3-coder-next,node,fastify-openapi-unconstrained,run_2,framework_idiosyncrasy,"The failing tests cluster around Fastify POST endpoints returning 400 on /favorite, which commonly happens when Fastify is configured to reject requests with an empty JSON body (e.g., FST_ERR_CTP_EMPTY_JSON_BODY) while the RealWorld spec sends no body for favorite/follow actions. This upstream Fastify body-parsing behavior causes the favorite action to fail and cascades into incorrect favorited-by and related retrieval expectations."
mini_swe_sdk,qwen3-coder-next,node,hono-openapi-clean_architecture,run_2,auth_misconfiguration,"The follow endpoint is incorrectly identifying the authenticated user from the provided token, causing it to think the requester is the same as the target profile and returning ""Cannot follow yourself"". This points to broken token parsing/validation or user lookup from the Authorization header, not the follow business logic itself."
mini_swe_sdk,qwen3-coder-next,node,hono-openapi-clean_architecture-postgres,run_0,business_logic_defect,"The server crashes in ArticleService.populateArticle because it assumes article.author is always present and tries to set author.following, but author is undefined due to incorrect article population/serialization logic. This is a spec-level service-layer bug (missing/incorrect author hydration) rather than an auth or query syntax/runtime issue."
mini_swe_sdk,qwen3-coder-next,node,hono-openapi-clean_architecture-postgres,run_1,auth_misconfiguration,"The widespread 401s on authenticated endpoints (e.g., GET /api/user) indicate the server is not accepting the RealWorld-required `Authorization: Token <jwt>` header or is validating/issuing tokens incorrectly; the resulting lack of an authenticated user then cascades into 422s/404s on create/update and slug-based operations."
mini_swe_sdk,qwen3-coder-next,node,hono-openapi-clean_architecture-postgres-sequelize,run_1,incorrect_query_logic,"The comments GET endpoints return 200 but fail payload assertions for both authenticated and unauthenticated cases, indicating the handler is retrieving/serializing the wrong comment set (e.g., not filtering by article slug or incorrect include/join for author) rather than an auth or runtime failure."
mini_swe_sdk,qwen3-coder-next,node,hono-openapi-clean_architecture-sqlite,run_0,incorrect_query_logic,"The 500s originate from ArticleService.getArticles/toArticlePayload throwing ""Author not found"" while mapping article rows, indicating the article retrieval query/repository is not correctly joining or fetching the associated author/user record (or is using the wrong key), causing valid article reads to fail at runtime."
mini_swe_sdk,qwen3-coder-next,node,hono-openapi-clean_architecture-sqlite,run_1,state_propagation_failure,"Favorite/follow/unfollow endpoints return 200 but tests still fail, indicating the relationship state (favoritesCount, favorited flag, following flag, and/or join-table rows) is not being persisted or reflected in subsequent reads. This matches the earlier observed pattern where DB rows used snake_case fields that weren’t mapped back to the domain model, causing created relationship state to not propagate into response serialization and later queries."
mini_swe_sdk,qwen3-coder-next,node,hono-openapi-clean_architecture-sqlite,run_2,auth_misconfiguration,"The implementation issues a random UUID token on every login/register and appears to accept a dummy/static token without mapping it back to a user, so follow/favorite actions can’t be correctly attributed to the authenticated user. This breaks stateful behaviors like `following`/`favorited` flags (and can yield non-boolean 0/1), causing the follow/unfollow and favorite tests to fail despite routes existing."
mini_swe_sdk,qwen3-coder-next,node,hono-openapi-clean_architecture-sqlite-sequelize,run_0,auth_misconfiguration,"After successful register/login (201/200), subsequent authenticated endpoints consistently return 401, indicating the server is not accepting the token the tests send (e.g., wrong Authorization header scheme/parsing or middleware applied incorrectly). The resulting inability to create articles/comments then cascades into null slugs (/articles/null) and related 404s/422s."
mini_swe_sdk,qwen3-coder-next,node,hono-openapi-clean_architecture-sqlite-sequelize,run_1,incorrect_query_logic,"The primary failure is SQLite/Sequelize executing a Postgres-only containment operator (`@>`) against the `tagList` field, producing `SQLITE_ERROR: unrecognized token: ""@""` and causing 500s on article/tag listing and related operations. Auth/route wiring issues appear secondary, but the upstream root cause of the observed 500s is the invalid query/operator for SQLite."
mini_swe_sdk,qwen3-coder-next,node,hono-openapi-postgres,run_0,database_runtime_error,"The primary failure is a Postgres runtime error (42P18: could not determine data type of parameter $1) triggered by the SQL in src/routes/articles.ts using an untyped/NULL parameter in a prepared statement, causing 500s on article list/feed endpoints. The 404s on comment endpoints are secondary, but the dominant upstream breakage is the DB query parameterization/type handling at runtime."
mini_swe_sdk,qwen3-coder-next,node,hono-openapi-postgres-sequelize,run_0,incorrect_query_logic,"The controllers build Sequelize WHERE clauses using non-scalar values (model instances/objects) instead of integer IDs, leading to SQL comparisons like author_id='[object Object]' and Postgres integer cast errors. Auth and routing work, but the filtering/feed query construction is logically incorrect and causes 422s."
mini_swe_sdk,qwen3-coder-next,node,hono-openapi-postgres-sequelize,run_1,incorrect_query_logic,"Only the tag-filtered articles listing fails (422) while other query filters like favorited succeed (200), indicating the /api/articles handler is incorrectly validating/parsing the `tag` query parameter or building the tag filter query (e.g., expecting a different type/shape or using a wrong join/where), causing valid tag requests to be rejected."
mini_swe_sdk,qwen3-coder-next,node,hono-openapi-sqlite,run_0,database_runtime_error,"The Update User PUT handler triggers a SQLite runtime exception (SQLITE_RANGE: column index out of range), which is caused by incorrect prepared-statement parameter binding (mismatched placeholder count/order vs bound values) in the user update SQL execution rather than an auth or spec-level logic issue."
mini_swe_sdk,qwen3-coder-next,node,hono-openapi-sqlite,run_1,auth_misconfiguration,"Many endpoints that should be public (articles list, comments) return 401, and follow/unfollow crashes because the authenticated user context is undefined (TypeError reading 'id'), indicating the auth middleware/token parsing is misapplied or failing to populate the user on protected routes."
mini_swe_sdk,qwen3-coder-next,node,hono-openapi-sqlite-sequelize,run_0,auth_misconfiguration,"The primary failure is inconsistent/incorrect auth handling on specific protected routes: follow/unfollow succeeds with the same ""Authorization: Token <jwt>"" header, but GET/PUT /api/user returns 401, indicating route-specific middleware/token parsing/verification is misapplied or not wired consistently. The tag 500 is secondary; the upstream systemic issue causing the majority of failures is broken authorization on the current-user endpoints."
mini_swe_sdk,qwen3-coder-next,node,hono-openapi-sqlite-sequelize,run_1,framework_idiosyncrasy,"The app is wired to Node's http server incorrectly by calling `app.fetch(req, res)` with `IncomingMessage/ServerResponse` instead of a Fetch API `Request`, so Hono's request wrapper crashes (`this.raw.headers.get is not a function`) and all endpoints fail at runtime."
mini_swe_sdk,qwen3-coder-next,node,hono-openapi-unconstrained,run_2,state_propagation_failure,"Article slugs are being regenerated/changed on update (e.g., title update changes slug), but dependent operations/tests continue using the original slug, causing cascaded ""Article not found"" and comment/article retrieval failures. This indicates identifiers aren’t being kept stable or properly propagated/persisted across subsequent requests."
mini_swe_sdk,qwen3-coder-next,node,koa-openapi-clean_architecture,run_0,business_logic_defect,"The Update User handler expects a domain User entity with a toResponse() method, but the service/repository returns a plain object (userWithToken) lacking that method, causing a TypeError and 500 despite routing/auth working."
mini_swe_sdk,qwen3-coder-next,node,koa-openapi-clean_architecture,run_2,business_logic_defect,"The comments listing route exists and the server runs, but GET /api/articles/:slug/comments returns 422 even for unauthenticated requests, indicating the handler is incorrectly validating/rejecting the slug or request rather than failing auth or crashing. This points to a spec-level implementation bug in the comments-for-article endpoint (e.g., treating a valid slug as invalid or requiring an article lookup/param format that doesn’t match the API)."
mini_swe_sdk,qwen3-coder-next,node,koa-openapi-clean_architecture-postgres,run_0,incorrect_query_logic,"The widespread failures are concentrated in article listing/favoriting/update behaviors and especially comment listing returning 500s, which most plausibly stems from incorrect SQL/join/filter logic (e.g., bad joins/where clauses or result shaping for tags/favorites/comments) rather than auth (routes work and authenticated requests succeed elsewhere) or a DB runtime/migration crash (server runs and schema initializes)."
mini_swe_sdk,qwen3-coder-next,node,koa-openapi-clean_architecture-postgres,run_2,incorrect_query_logic,"The failing cases are all GET /articles filter variants, with the favorited-by-username filter returning 422, which points to the repository/service building the wrong SQL (or validating the favorited parameter incorrectly) for author/tag/favorited filtering rather than routing/auth/startup issues."
mini_swe_sdk,qwen3-coder-next,node,koa-openapi-clean_architecture-postgres-sequelize,run_2,incorrect_query_logic,"Article listing/feed endpoints build Sequelize where clauses incorrectly (e.g., using legacy '$in' instead of Op.in / passing non-primitive values into integer comparisons), causing Postgres to receive ""[object Object]"" for integer fields and return 422 across tag/author/favorited/feed filters."
mini_swe_sdk,qwen3-coder-next,node,koa-openapi-clean_architecture-sqlite,run_1,business_logic_defect,"The API is running and authenticated requests succeed (e.g., create/delete article with `Authorization: Token ...`), but core RealWorld behaviors are implemented incorrectly—most notably follow/unfollow returning 422 and widespread assertion failures across article/user/comment endpoints—indicating spec-level request/response and validation/state semantics mismatches rather than auth, routing, or DB runtime errors."
mini_swe_sdk,qwen3-coder-next,node,koa-openapi-postgres,run_1,incorrect_query_logic,"GET /api/articles fails with Postgres error 42P18 ('could not determine data type of parameter $1') due to dynamically constructed SQL using an untyped placeholder/parameter index mismatch. This is a query construction/parameter binding bug in the articles listing logic, not an auth or framework issue."
mini_swe_sdk,qwen3-coder-next,node,koa-openapi-postgres-sequelize,run_0,framework_idiosyncrasy,"The favorite/unfavorite endpoints are POST/DELETE routes that typically have no JSON body; with koa-bodyparser enabled, empty bodies can trigger request parsing/validation behavior that results in 422s even though the routes exist and auth works. The logs show repeated ""Request body:"" empty entries aligning with these calls, indicating a framework/body-parser handling issue rather than missing routes or query logic."
mini_swe_sdk,qwen3-coder-next,node,koa-openapi-postgres-sequelize,run_2,database_runtime_error,"The primary failure is a runtime crash from incorrect Sequelize association wiring: calling `currentUser.removeFollowing` throws `TypeError: ... is not a function`, which indicates the expected belongsToMany alias/mixin methods were never created (wrong `as`/through setup). This ORM misconfiguration causes follow/unfollow and dependent flows to error and return incorrect 422/404 responses."
mini_swe_sdk,qwen3-coder-next,node,koa-openapi-sqlite,run_2,business_logic_defect,"The /api/articles/feed handler returns an error payload (""Article not found"") when the authenticated user follows someone who has no articles; per spec it should return 200 with an empty articles list. Auth and routing work, but the feed endpoint’s empty-result behavior/status handling is incorrect."
mini_swe_sdk,qwen3-coder-next,node,koa-openapi-sqlite-sequelize,run_1,auth_misconfiguration,"A large cluster of failures are 401s on endpoints that should succeed with a valid token (feed, update, favorite), indicating the auth middleware is not correctly extracting/validating the Authorization header or is applied incorrectly; this upstream auth break then cascades into article-related tests failing."
mini_swe_sdk,qwen3-coder-next,node,koa-openapi-sqlite-sequelize,run_2,incorrect_query_logic,"The consistent 500s on listing articles by tag are caused by Sequelize generating an invalid COUNT/AGGREGATE query for SQLite (stack trace shows Article.count -> Article.aggregate -> rawSelect failing), which is an upstream data-retrieval bug. The 401s on favorite/unfavorite are likely a separate auth issue, but the primary root cause evidenced by the logs is the broken tag-filter counting/query logic."
mini_swe_sdk,qwen3-coder-next,node,koa-openapi-unconstrained,run_1,incorrect_query_logic,"GET /api/articles/:slug/comments fails both authenticated and unauthenticated, while login, article creation, and comment creation succeed, indicating the comments listing handler’s data lookup/filtering by article slug (or join/association) is wrong rather than an auth or framework issue."
mini_swe_sdk,qwen3-coder-next,node,koa-openapi-unconstrained,run_2,incorrect_query_logic,"The only failing tests are for GET /articles with the favorited=username filter (both authed and unauthed), while core auth flows (register/login) and routing work, indicating the implementation is not correctly filtering articles by the user who favorited them (or is using the wrong data structure/lookup) rather than an auth or framework issue."
mini_swe_sdk,qwen3-coder-next,uv,aiohttp-openapi-clean_architecture,run_2,incorrect_query_logic,"Both authenticated and unauthenticated GET /api/articles/{slug}/comments fail, which points away from auth and toward the comment retrieval path itself. The most likely upstream cause is that the handler/repository uses incorrect lookup/filtering for comments by article slug (e.g., not joining article->comments correctly or filtering on the wrong field), producing wrong results or an error regardless of login state."
mini_swe_sdk,qwen3-coder-next,uv,aiohttp-openapi-clean_architecture-postgres,run_1,auth_misconfiguration,"Handlers assume authentication middleware populates request['user_id'], but the middleware never sets it (or is not applied/triggered correctly), leading to KeyError and 500s across endpoints. This is an upstream auth context propagation/config issue rather than query or business logic."
mini_swe_sdk,qwen3-coder-next,uv,aiohttp-openapi-clean_architecture-postgres,run_2,database_runtime_error,"The 500s are caused by improper asyncpg pool/connection lifecycle management: repository methods call fetch/fetchrow on a Connection that has already been released back to the pool, triggering asyncpg InterfaceError. The subsequent 401s are cascading because auth/user lookups also fail due to the same released-connection error."
mini_swe_sdk,qwen3-coder-next,uv,aiohttp-openapi-clean_architecture-postgres-sqlalchemy,run_0,database_runtime_error,"The primary failure is incorrect async SQLAlchemy usage (triggering greenlet_spawn/await_only errors) and improper session/connection lifecycle management, which then leaks/exhausts connections and causes QueuePool TimeoutError. These are runtime ORM/DB API misuse issues rather than query logic or business-spec mismatches."
mini_swe_sdk,qwen3-coder-next,uv,aiohttp-openapi-clean_architecture-postgres-sqlalchemy,run_1,database_runtime_error,"The primary failure is a runtime ORM error: SQLAlchemy raises UnmappedInstanceError when adding src.models.Article, indicating the model isn’t properly mapped/registered with the declarative Base/metadata. This prevents article creation and cascades into downstream failures (e.g., null IDs in later routes)."
mini_swe_sdk,qwen3-coder-next,uv,aiohttp-openapi-clean_architecture-postgres-sqlalchemy,run_2,database_runtime_error,"The primary failures are runtime exceptions caused by incorrect SQLAlchemy/asyncpg session and model usage: connections are not properly checked back into the pool (SAWarning/termination errors) and model construction fails at runtime (e.g., Comment __init__ requiring an id), leading to widespread 500s across otherwise-correct routes."
mini_swe_sdk,qwen3-coder-next,uv,aiohttp-openapi-clean_architecture-sqlite,run_0,incorrect_query_logic,"The 500s are caused by malformed SQLite queries in the articles/favorites listing path (e.g., referencing a non-existent column `f.user_id` and building SQL with placeholders that don’t match the supplied bindings), leading to sqlite3 OperationalError/ProgrammingError during GET /api/articles and favorited filters."
mini_swe_sdk,qwen3-coder-next,uv,aiohttp-openapi-clean_architecture-sqlite,run_1,database_runtime_error,"All endpoints 500 due to a runtime crash in aiosqlite: the code re-enters/reuses an aiosqlite connection/context manager so its worker thread is started twice, triggering ""RuntimeError: threads can only be started once"" during repository DB access."
mini_swe_sdk,qwen3-coder-next,uv,aiohttp-openapi-clean_architecture-sqlite,run_2,business_logic_defect,"The /api/articles endpoint is rejecting valid requests that include the `author` query parameter, returning 422 (validation error) instead of applying the author filter. This indicates incorrect request validation/parameter handling for the author filter (a spec-level behavior mismatch), not an auth or database/runtime failure."
mini_swe_sdk,qwen3-coder-next,uv,aiohttp-openapi-clean_architecture-sqlite-sqlalchemy,run_0,database_runtime_error,"The dominant upstream failure is a runtime crash in the DB layer: aiosqlite raises `RuntimeError: threads can only be started once`, indicating the same connection object/thread is being re-entered/reused incorrectly across requests. This causes widespread 500s on DB-backed endpoints, with other errors (401/422) largely cascading from the inability to reliably access/persist user/session data."
mini_swe_sdk,qwen3-coder-next,uv,aiohttp-openapi-clean_architecture-sqlite-sqlalchemy,run_1,database_runtime_error,"The primary failures are runtime 500s caused by calling non-existent repository methods (ArticleRepository.add/remove), raising AttributeError during request handling. This is an internal API/ORM layer implementation error that crashes at runtime rather than a spec-level logic mismatch or auth/query issue."
mini_swe_sdk,qwen3-coder-next,uv,aiohttp-openapi-clean_architecture-sqlite-sqlalchemy,run_2,database_runtime_error,"The upstream failures are caused by incorrect async SQLAlchemy/DB usage and model configuration: inserts explicitly set users.id=0 causing UNIQUE constraint errors, and routes misuse the async session factory (using an un-awaited coroutine in an async with), producing 500s. These DB/runtime errors prevent correct state creation and cascade into downstream 401/422 behaviors."
mini_swe_sdk,qwen3-coder-next,uv,aiohttp-openapi-postgres,run_1,auth_misconfiguration,"Authenticated endpoints crash with KeyError: 'user' because the auth middleware is not consistently validating/parsing the Authorization header and populating request['user'], while handlers assume it is always present. This upstream auth context propagation failure causes widespread 500s across feed/follow and filtered article routes."
mini_swe_sdk,qwen3-coder-next,uv,aiohttp-openapi-postgres,run_2,incorrect_query_logic,"The primary failures are caused by passing uncast query parameters into SQL (e.g., LIMIT receiving a text value), producing asyncpg DatatypeMismatchError and widespread 500s. The subsequent 'null' comment id parsing errors and 404s are cascading from earlier request/response state not being correctly produced due to these query/handler logic bugs."
mini_swe_sdk,qwen3-coder-next,uv,aiohttp-openapi-postgres-sqlalchemy,run_1,database_runtime_error,"The 500s stem from asyncpg raising ""cannot perform operation: another operation is in progress"", which happens when a single async SQLAlchemy session/connection is reused concurrently across requests (incorrect async session/transaction lifecycle). The subsequent 401s are downstream because auth-dependent flows can’t complete when DB operations fail."
mini_swe_sdk,qwen3-coder-next,uv,aiohttp-openapi-postgres-sqlalchemy,run_2,database_runtime_error,"User registration fails with a DBAPIError from asyncpg because timezone-aware UTC datetimes are being inserted into Postgres columns defined as TIMESTAMP WITHOUT TIME ZONE, causing an offset-aware vs offset-naive datetime mismatch at runtime and cascading into downstream auth-dependent failures."
mini_swe_sdk,qwen3-coder-next,uv,aiohttp-openapi-sqlite,run_0,database_runtime_error,"Article handlers misuse the SQLite DB API at runtime: update_article attempts to mutate an immutable sqlite3.Row, and get_articles executes queries on a cursor/connection after it has been closed, producing TypeError/ProgrammingError and cascading 500s."
mini_swe_sdk,qwen3-coder-next,uv,aiohttp-openapi-sqlite,run_2,database_runtime_error,"Requests 500 with sqlite3.OperationalError ('no such table: users/tags'), indicating the SQLite schema/migrations are not being created/initialized before handlers run. This is a runtime DB setup/initialization failure rather than query logic or auth behavior."
mini_swe_sdk,qwen3-coder-next,uv,aiohttp-openapi-sqlite-sqlalchemy,run_1,database_runtime_error,"PUT /api/user crashes with SQLAlchemy InvalidRequestError because session.refresh(user) is called on a User instance that is not persistent/attached to the active Session, indicating incorrect ORM session/instance lifecycle handling rather than a spec-level logic issue."
mini_swe_sdk,qwen3-coder-next,uv,aiohttp-openapi-sqlite-sqlalchemy,run_2,database_runtime_error,"Requests crash because the auth helper instantiates a SQLAlchemy User model with a non-mapped constructor kwarg (`token`), raising `TypeError: 'token' is an invalid keyword argument for User`. This is an ORM runtime usage error that prevents authenticated flows and cascades into widespread 500s/422s."
mini_swe_sdk,qwen3-coder-next,uv,aiohttp-openapi-unconstrained,run_2,auth_misconfiguration,"Handlers call get_current_user() without awaiting it, so a coroutine is treated like a user dict (TypeError: 'coroutine' object is not subscriptable), causing widespread 500s. This is an upstream authentication/current-user retrieval async bug that cascades into most endpoints."
mini_swe_sdk,qwen3-coder-next,uv,django-openapi-clean_architecture,run_0,framework_idiosyncrasy,"DELETE /api/profiles/<username>/follow returns 405 Method Not Allowed, meaning the Django view/URL routing is not configured to accept the DELETE HTTP method for the unfollow action (method dispatch/allowed_methods), even though the POST follow route works."
mini_swe_sdk,qwen3-coder-next,uv,django-openapi-clean_architecture-postgres-sqlalchemy,run_2,state_propagation_failure,"The primary failure is incorrect dependency wiring/propagation in the clean-architecture service layer: ArticleService is constructed with favorite_repository=None, causing a runtime AttributeError when computing the favorited flag on GET /api/articles/:slug. The 405s are secondary routing/method issues, but the upstream root cause of the major 500 failures is the missing repository injection/state propagation into the service."
mini_swe_sdk,qwen3-coder-next,uv,django-openapi-clean_architecture-sqlite,run_2,business_logic_defect,"Multiple endpoints return 405 for methods that should be supported (PUT /api/user, DELETE favorite, DELETE unfollow), indicating the Django route/view dispatch is implemented incorrectly (e.g., URL patterns or view wrappers only allow GET/POST). Additionally, the favorited-articles filter crashes due to a coding bug (undefined user_repository), reinforcing that the primary issue is incorrect application/business logic rather than auth or DB runtime behavior."
mini_swe_sdk,qwen3-coder-next,uv,django-openapi-clean_architecture-sqlite-sqlalchemy,run_0,auth_misconfiguration,"Most failures are unexpected 401/403 on endpoints that should accept a valid Conduit token, indicating the auth layer is parsing/validating the Authorization header incorrectly or applying the wrong permission checks. The comment 500 (CommentService wired where ArticleService is expected) is a separate wiring bug, but the upstream systemic breakage across many routes is the auth misconfiguration."
mini_swe_sdk,qwen3-coder-next,uv,django-openapi-clean_architecture-sqlite-sqlalchemy,run_1,framework_idiosyncrasy,"Most failures are 422/405 on endpoints that should accept empty bodies or specific methods (e.g., register/login 422, unfollow DELETE 405), which is characteristic of Django/DRF request parsing and URL/method routing mismatches (e.g., expecting different JSON shape or not wiring DELETE/PUT handlers). The auth-related 401s and downstream null slugs appear secondary to the framework-level request/route handling not matching the RealWorld spec."
mini_swe_sdk,qwen3-coder-next,uv,django-openapi-postgres,run_1,state_propagation_failure,"Article operations cascade into requests like /api/articles/null, indicating the create-article response is not returning/propagating a valid slug (or slug generation/serialization is broken), so subsequent update/favorite/comment calls target a null identifier and 404. The follow serializer AttributeError is a separate bug, but the upstream cause of most failures is the missing/null slug state."
mini_swe_sdk,qwen3-coder-next,uv,django-openapi-postgres,run_2,framework_idiosyncrasy,Django's CommonMiddleware with APPEND_SLASH=True is causing 301 redirects for GETs and RuntimeError 500s for POST/DELETE when tests call non-trailing-slash URLs (e.g. /api/profiles/:username/follow). This framework-specific URL normalization mismatch is the upstream cause of the widespread failures.
mini_swe_sdk,qwen3-coder-next,uv,django-openapi-postgres-sqlalchemy,run_0,state_propagation_failure,"The failing Favorite Article POST indicates the favorite mutation isn’t being persisted/propagated into the returned article state (favorited flag and/or favoritesCount), consistent with missing/incorrect session commit/refresh or relationship update so the response reflects stale state despite a 200."
mini_swe_sdk,qwen3-coder-next,uv,django-openapi-postgres-sqlalchemy,run_1,database_runtime_error,"Multiple endpoints 500 with a Django ProgrammingError: relation ""api_tag"" does not exist, indicating the database schema/migrations were not applied or the app is pointing at an uninitialized Postgres database. This missing-table runtime failure is the upstream cause of the widespread 500s (e.g., /api/tags) regardless of request/auth logic."
mini_swe_sdk,qwen3-coder-next,uv,django-openapi-sqlite,run_0,database_runtime_error,"The dominant failures are 500s caused by DRF runtime exceptions during serialization (e.g., AssertionError from redundant `source='username'` and TypeError/ManyRelatedManager not iterable for ManyToMany tags), indicating incorrect ORM/serializer API usage rather than auth or query filtering logic."
mini_swe_sdk,qwen3-coder-next,uv,django-openapi-sqlite,run_1,state_propagation_failure,"Multiple 500s stem from missing/incorrectly propagated related state: views assume every User has an associated Profile (request.user.profile) but profiles are not created/ensured, causing RelatedObjectDoesNotExist across user/profile/follow endpoints. Additionally, article slug generation isn’t made collision-safe, leading to UNIQUE constraint failures and downstream 404s when slugs aren’t reliably created/returned."
mini_swe_sdk,qwen3-coder-next,uv,django-openapi-sqlite,run_2,framework_idiosyncrasy,"The primary failure is a routing/method mismatch in Django/DRF: GET /api/articles/<slug> is hitting a view/URL pattern that does not allow GET (returning 405), indicating the slug route is wired to a non-GET handler or shadowed by another pattern. This upstream URLconf/view configuration issue then cascades into many article-related test failures that depend on retrieving an article by slug."
mini_swe_sdk,qwen3-coder-next,uv,django-openapi-sqlite-sqlalchemy,run_0,database_runtime_error,"The primary failures are SQLite OperationalErrors from schema mismatches (e.g., queries/inserts referencing articles.tags_data when the column does not exist / no such column), indicating migrations/schema are out of sync with the Django models; this causes widespread 500s across endpoints."
mini_swe_sdk,qwen3-coder-next,uv,django-openapi-sqlite-sqlalchemy,run_2,business_logic_defect,"The primary failure is incorrect domain logic in the profile follow implementation: the follow endpoint adds a User object to a ManyToMany relation that expects Profile, causing a TypeError and 500s. The additional 405s on unfollow/update indicate view/method wiring that doesn’t match the API spec, reinforcing that the core issue is spec-level business logic rather than auth, DB runtime, or query syntax."
mini_swe_sdk,qwen3-coder-next,uv,django-openapi-unconstrained,run_0,incorrect_query_logic,"The primary failure is the articles tag filter using a JSONField `contains` lookup, which is unsupported on the current DB backend and raises `django.db.utils.NotSupportedError`, causing 500s on `GET /api/articles?tag=...`. This incorrect ORM query choice is the upstream root cause; other issues (e.g., PUT /api/user returning 405) are separate but not driving the main runtime failure shown in logs."
mini_swe_sdk,qwen3-coder-next,uv,django-openapi-unconstrained,run_1,business_logic_defect,"Article serialization crashes because the profile serializer implements the follow-relationship incorrectly, referencing a non-existent `user.followers` attribute instead of the actual related name (e.g. `follow`). This spec-level mistake in computing the `following` field causes 500s on article list/detail endpoints even though routing and auth are otherwise functioning."
mini_swe_sdk,qwen3-coder-next,uv,django-openapi-unconstrained,run_2,auth_misconfiguration,"Nearly all endpoints (including ones that should be public like login/current-user flows) return 401, indicating the JWT/token is not being parsed/validated per spec (e.g., wrong Authorization header scheme or middleware applied too broadly). The downstream null slugs/404s and other errors cascade because authentication never succeeds, preventing proper resource creation and state propagation."
mini_swe_sdk,qwen3-coder-next,uv,fastapi-openapi-clean_architecture,run_0,auth_misconfiguration,"After a successful login (200 with a token), protected endpoints like GET/PUT /api/user still return 401, indicating the auth dependency/middleware is not accepting the token format/header the tests send (e.g., expecting a different scheme than ""Token <jwt>""). The downstream article failures (null slug paths, 422/404 on favorite/comment) cascade because authenticated creation/feed operations can’t run correctly without valid auth context."
mini_swe_sdk,qwen3-coder-next,uv,fastapi-openapi-clean_architecture,run_2,incorrect_query_logic,"The failing cases are specifically the /api/articles?favorited=<username> filter returning the wrong article set (and/or wrong favorited/favoritesCount flags) while the route exists and returns 200, indicating the query/join used to select articles favorited by a given user is implemented incorrectly rather than an auth or runtime DB failure."
mini_swe_sdk,qwen3-coder-next,uv,fastapi-openapi-clean_architecture-postgres,run_0,auth_misconfiguration,"Most core write/protected endpoints consistently return 401, indicating the primary failure is in auth dependency/token handling (e.g., parsing/validating the Authorization header or returning None instead of raising), which then prevents state creation and cascades into downstream null slugs and 404/422s. The ArticleService AttributeError is a separate bug but not the upstream cause of the widespread failures."
mini_swe_sdk,qwen3-coder-next,uv,fastapi-openapi-clean_architecture-postgres,run_1,business_logic_defect,"The failing tests are on endpoints that return 200 but with incorrect response/state (current user fields, updated user data, and article favoriting flags/counts), indicating the implementation doesn’t match the RealWorld API spec rather than missing routes, auth failures, or DB/runtime errors."
mini_swe_sdk,qwen3-coder-next,uv,fastapi-openapi-clean_architecture-postgres,run_2,business_logic_defect,"Multiple endpoints violate the RealWorld API contract: registration/update return 422 due to request/response schema mismatches, and /api/articles returns an object {articles, articlesCount} while the response model expects a list, triggering FastAPI ResponseValidationError. The widespread 401s are likely secondary to the broken auth/user flows rather than a pure auth header/middleware misconfiguration."
mini_swe_sdk,qwen3-coder-next,uv,fastapi-openapi-clean_architecture-postgres-sqlalchemy,run_1,state_propagation_failure,"The create-article flow returns an article with a null slug, so subsequent tests call routes like /api/articles/null and FastAPI rejects the path parameter with 422. This points to slug not being generated/persisted or not being serialized in the create-article response, causing cascading failures across all slug-dependent operations."
mini_swe_sdk,qwen3-coder-next,uv,fastapi-openapi-clean_architecture-postgres-sqlalchemy,run_2,auth_misconfiguration,"After a successful login (200), all endpoints that require authentication (/api/user, article create/update, feed, favorite, comments) still return 401, indicating the server is not accepting/validating the token from the expected Authorization header format or is applying auth middleware incorrectly. The subsequent 'null' slugs and downstream 404/422s are cascading effects of failing to create/fetch authenticated resources."
mini_swe_sdk,qwen3-coder-next,uv,fastapi-openapi-clean_architecture-sqlite-sqlalchemy,run_0,state_propagation_failure,"Article creation returns an invalid/null slug, so subsequent operations use paths like /api/articles/null and fail FastAPI path validation with 422. The upstream issue is that the created article’s identifier (slug) is not being generated/serialized/returned correctly and thus cannot be propagated to dependent requests."
mini_swe_sdk,qwen3-coder-next,uv,fastapi-openapi-clean_architecture-sqlite-sqlalchemy,run_1,incorrect_query_logic,"GET /api/articles/feed returns a 422 with a domain error payload ('Article not found'), indicating the feed handler is executing the wrong retrieval path (likely calling a single-article lookup or filtering by an incorrect identifier) rather than querying the followed-authors article list; auth is working (other protected endpoints return 200)."
mini_swe_sdk,qwen3-coder-next,uv,fastapi-openapi-postgres,run_0,database_runtime_error,"The PUT /api/user fails with SQLAlchemy InvalidRequestError because the code attempts to update/refresh/commit a User instance that is detached (not persistent) in the current request session, indicating incorrect session/instance lifecycle management rather than query or business-logic issues."
mini_swe_sdk,qwen3-coder-next,uv,fastapi-openapi-postgres,run_1,auth_misconfiguration,"The primary failures stem from broken current-user resolution: protected endpoints treat the authenticated user as None (e.g., unfollow_user dereferences user.id), causing 500s, and /api/user returns 401 even after login. This indicates the auth dependency/token parsing/validation is misconfigured, with downstream 404/500s cascading from missing user context."
mini_swe_sdk,qwen3-coder-next,uv,fastapi-openapi-postgres,run_2,auth_misconfiguration,"The upstream failure is broken request/auth handling: register/login return 422 due to mismatched request schemas, preventing token issuance, and most endpoints then cascade into 401 Unauthorized. The SQLAlchemy DetachedInstanceError is a secondary issue that appears after auth/session flow, but the primary root cause of the test failures is the misconfigured auth/request contract."
mini_swe_sdk,qwen3-coder-next,uv,fastapi-openapi-postgres-sqlalchemy,run_0,framework_idiosyncrasy,"In FastAPI, a dynamic route like /api/articles/{slug} will match /api/articles/feed unless the static /api/articles/feed route is registered first; the request is being routed to the slug handler with slug='feed', which then raises the 404 'Article not found'."
mini_swe_sdk,qwen3-coder-next,uv,fastapi-openapi-postgres-sqlalchemy,run_1,auth_misconfiguration,"After a successful /api/users/login (200), every endpoint that requires authentication returns 401, indicating the token is not being accepted/parsed/validated correctly (e.g., wrong Authorization header scheme or token verification mismatch). The subsequent null-slug 404s are downstream/cascading because authenticated create operations never succeed, so no valid slug is produced for later requests."
mini_swe_sdk,qwen3-coder-next,uv,fastapi-openapi-sqlite-sqlalchemy,run_1,auth_misconfiguration,"After a successful login (200), every protected endpoint still returns 401, indicating the JWT is not being extracted/validated from the Authorization header in the expected format (e.g., missing/incorrect 'Token <jwt>' handling) or the auth dependency is misapplied. The subsequent null slug 404s are cascading from the inability to create articles/comments due to persistent unauthorized responses."
mini_swe_sdk,qwen3-coder-next,uv,fastapi-openapi-unconstrained,run_0,business_logic_defect,"The 500 is caused by application/model mismatch: the handler sets `comment.article_slug = slug` but the Pydantic `Comment` model does not define `article_slug`, triggering a ValueError. This is a spec/implementation logic bug in comment creation rather than auth, query, or DB runtime behavior."
mini_swe_sdk,qwen3-coder-next,uv,flask-openapi-clean_architecture-postgres,run_2,database_runtime_error,"The primary upstream failure is runtime DB initialization not occurring in the actual server process (init_db only runs under __main__, but the app is started via import), leaving required tables like ""users"" missing and causing psycopg2 UndefinedTable 500s. Subsequent 500s (e.g., jsonify failing on ORM objects) are secondary, but the first root cause is the database schema not being created at runtime."
mini_swe_sdk,qwen3-coder-next,uv,flask-openapi-clean_architecture-postgres-sqlalchemy,run_1,state_propagation_failure,"The only failing test is POST /api/articles/:slug/favorite despite returning 200, indicating the favorite mutation isn’t being persisted/propagated into the returned article state (e.g., favorited remains false and/or favoritesCount doesn’t increment) rather than an auth, routing, or query crash issue."
mini_swe_sdk,qwen3-coder-next,uv,flask-openapi-clean_architecture-postgres-sqlalchemy,run_2,auth_misconfiguration,"User registration crashes with an AttributeError in AuthService (missing _hash_password), preventing account creation and token issuance; this breaks the authentication flow and causes the widespread 401s and downstream null/invalid resource access seen in later tests."
mini_swe_sdk,qwen3-coder-next,uv,flask-openapi-clean_architecture-sqlite,run_0,database_runtime_error,"GET /api/articles crashes at runtime inside ArticleRepository.get_all with an UnboundLocalError when accessing the SQLAlchemy model (""Article.query""), indicating incorrect repository/ORM usage (a local name shadowing or missing import) rather than an auth or spec-level behavior issue."
mini_swe_sdk,qwen3-coder-next,uv,flask-openapi-clean_architecture-sqlite,run_1,state_propagation_failure,"The favorite and follow POST endpoints return 200 but the resulting state (favorite relationship / following relationship and derived fields like favorited, favoritesCount, following) is not correctly persisted or reflected in subsequent reads, indicating a failure to propagate and store the mutation rather than missing routes or auth/query issues."
mini_swe_sdk,qwen3-coder-next,uv,flask-openapi-clean_architecture-sqlite,run_2,database_runtime_error,"The article listing filters crash at runtime with a NameError because the repository query references the ORM model `User` without importing/defining it (`query.join(Favorite).join(User)`), causing 500s on author/favorited filters."
mini_swe_sdk,qwen3-coder-next,uv,flask-openapi-clean_architecture-sqlite-sqlalchemy,run_0,database_runtime_error,"Requests crash with SQLAlchemy/SQLite OperationalError ""no such table: follows"", meaning the schema/tables were never created (or migrations weren’t run) for the database the app is using. This missing-table runtime DB failure is the upstream cause of the widespread 500s and subsequent cascading 422s."
mini_swe_sdk,qwen3-coder-next,uv,flask-openapi-clean_architecture-sqlite-sqlalchemy,run_1,incorrect_query_logic,"The 500s are caused by SQLAlchemy ORM query construction errors, specifically an ambiguous/undefined join to the Tag mapper (InvalidRequestError: ""Don't know how to join to Tag""), indicating the article-by-tag filtering query lacks an explicit left side/ON clause rather than an auth or routing issue."
mini_swe_sdk,qwen3-coder-next,uv,flask-openapi-postgres,run_1,database_runtime_error,"SQLAlchemy mapper initialization fails at runtime due to an invalid relationship configuration: Article.tags declares back_populates='tags' but Tag has no corresponding 'tags' relationship, raising InvalidRequestError and causing 500/422 responses across endpoints."
mini_swe_sdk,qwen3-coder-next,uv,flask-openapi-postgres-sqlalchemy,run_2,business_logic_defect,"Multiple core endpoints 500 because the application calls non-existent model serialization helpers (e.g., User.to_profile_dict), indicating incomplete/incorrect implementation of required domain methods rather than auth, query, or DB API misuse. The missing profile/article dict methods break response construction across follow/profile and likely other resources, cascading into widespread 500/422 failures."
mini_swe_sdk,qwen3-coder-next,uv,flask-openapi-sqlite,run_1,business_logic_defect,"Profile and follow/unfollow endpoints return 200 but fail spec-level assertions, implying the follow relationship and/or `following` flag computation is implemented incorrectly (e.g., not persisting the follower link or not deriving `following` from the authenticated user vs target profile) rather than an auth, routing, or DB runtime failure."
mini_swe_sdk,qwen3-coder-next,uv,flask-openapi-sqlite-sqlalchemy,run_0,auth_misconfiguration,"After a successful login (200), every endpoint that requires authentication immediately returns 401, indicating the server is not correctly parsing/validating the Authorization token (e.g., wrong header scheme or JWT secret/claims mismatch). The subsequent /api/articles/null 404s are downstream because authenticated article creation fails, so no slug is ever produced/propagated."
mini_swe_sdk,qwen3-coder-next,uv,flask-openapi-unconstrained,run_2,state_propagation_failure,"The favorite endpoint returns 200 but does not update/propagate the favorite state into the article representation (e.g., favorited/favoritesCount) because the code only records the slug in favorites_db and then returns the unchanged article object. This causes the POST /favorite behavior to be incorrect even though routing and auth succeed."
